objectid,parentid,title,creator,description,subject,publisher,date,date is approximate,location,type,format,language,rights,rightsstatement,date created,date modified,cdm_url,cdmid,contentdm file name,contentdm file path,display_template,filename,object_location,image_small,image_thumb,object_transcript
calnon0,,"Some Lived Some Died, It Was Understood","Calnon, Mark",Mark Calnon's memoir being a POW in WWII.,Memoir of POW experience,,1995,yes,,Text,application/pdf,eng,"In Copyright - Educational Use Permitted. For more information, please contact University of Idaho Library Special Collections and Archives Department at libspec@uidaho.edu.",http://rightsstatements.org/vocab/InC-EDU/1.0/,2016-09-23,2018-02-22,http://digital.lib.uidaho.edu:80/cdm/ref/collection/calnon/id/0,0,1.pdf,/calnon/image/1.pdf,pdf,calnon0.pdf,https://objects.lib.uidaho.edu/calnon/calnon0.pdf,https://objects.lib.uidaho.edu/calnon/small/calnon0_sm.jpg,https://objects.lib.uidaho.edu/calnon/thumbs/calnon0_th.jpg,
calnon1,,Calnon 95th Birthday,"Calnon, Mark",Photograph of Calnon on his 95th birthday,Photograph,,2013-08-01,yes,,Image;StillImage,image/jpeg,eng,"In Copyright - Educational Use Permitted. For more information, please contact University of Idaho Library Special Collections and Archives Department at libspec@uidaho.edu.",http://rightsstatements.org/vocab/InC-EDU/1.0/,2016-09-23,2018-02-22,http://digital.lib.uidaho.edu:80/cdm/ref/collection/calnon/id/1,1,10.jp2,/calnon/image/10.jp2,image,calnon1.jpg,https://objects.lib.uidaho.edu/calnon/calnon1.jpg,https://objects.lib.uidaho.edu/calnon/small/calnon1_sm.jpg,https://objects.lib.uidaho.edu/calnon/thumbs/calnon1_th.jpg,
calnon2,,B17 Exterior Photo 4,"Calnon, Mark",Photograph of the exterior of exhibition B20,Photograph,,1980,yes,,Image;StillImage,image/jpeg,eng,"In Copyright - Educational Use Permitted. For more information, please contact University of Idaho Library Special Collections and Archives Department at libspec@uidaho.edu.",http://rightsstatements.org/vocab/InC-EDU/1.0/,2016-09-23,2018-02-22,http://digital.lib.uidaho.edu:80/cdm/ref/collection/calnon/id/2,2,11.jp2,/calnon/image/11.jp2,image,calnon2.jpg,https://objects.lib.uidaho.edu/calnon/calnon2.jpg,https://objects.lib.uidaho.edu/calnon/small/calnon2_sm.jpg,https://objects.lib.uidaho.edu/calnon/thumbs/calnon2_th.jpg,
calnon3,,Calnon Letter to Crew,"Calnon, Mark",Letter to surviving crew with reports.,Scan of Letter,,1992-08-05,,,Text,application/pdf,eng,"In Copyright - Educational Use Permitted. For more information, please contact University of Idaho Library Special Collections and Archives Department at libspec@uidaho.edu.",http://rightsstatements.org/vocab/InC-EDU/1.0/,2016-09-23,2018-02-22,http://digital.lib.uidaho.edu:80/cdm/ref/collection/calnon/id/3,3,12.pdf,/calnon/image/12.pdf,pdf,calnon3.pdf,https://objects.lib.uidaho.edu/calnon/calnon3.pdf,https://objects.lib.uidaho.edu/calnon/small/calnon3_sm.jpg,https://objects.lib.uidaho.edu/calnon/thumbs/calnon3_th.jpg,
calnon4,,B17 Exterior Photo 5,"Calnon, Mark",Photograph of the exterior of exhibition B21,Photograph,,1980,yes,,Image;StillImage,image/jpeg,eng,"In Copyright - Educational Use Permitted. For more information, please contact University of Idaho Library Special Collections and Archives Department at libspec@uidaho.edu.",http://rightsstatements.org/vocab/InC-EDU/1.0/,2016-09-23,2018-02-22,http://digital.lib.uidaho.edu:80/cdm/ref/collection/calnon/id/4,4,13.jp2,/calnon/image/13.jp2,image,calnon4.jpg,https://objects.lib.uidaho.edu/calnon/calnon4.jpg,https://objects.lib.uidaho.edu/calnon/small/calnon4_sm.jpg,https://objects.lib.uidaho.edu/calnon/thumbs/calnon4_th.jpg,
calnon5,,B17 Pilot Controls,"Calnon, Mark",Photographs of pilots controls in exhibition B17,Photograph,,1980,yes,,Image;StillImage,image/jpeg,eng,"In Copyright - Educational Use Permitted. For more information, please contact University of Idaho Library Special Collections and Archives Department at libspec@uidaho.edu.",http://rightsstatements.org/vocab/InC-EDU/1.0/,2016-09-23,2018-02-22,http://digital.lib.uidaho.edu:80/cdm/ref/collection/calnon/id/5,5,14.jp2,/calnon/image/14.jp2,image,calnon5.jpg,https://objects.lib.uidaho.edu/calnon/calnon5.jpg,https://objects.lib.uidaho.edu/calnon/small/calnon5_sm.jpg,https://objects.lib.uidaho.edu/calnon/thumbs/calnon5_th.jpg,
calnon6,,B17 Bomb Bay,"Calnon, Mark",Photograph of empty bomb bay in a exhibition B17,Photograph,,1980,yes,,Image;StillImage,image/jpeg,eng,"In Copyright - Educational Use Permitted. For more information, please contact University of Idaho Library Special Collections and Archives Department at libspec@uidaho.edu.",http://rightsstatements.org/vocab/InC-EDU/1.0/,2016-09-23,2018-02-22,http://digital.lib.uidaho.edu:80/cdm/ref/collection/calnon/id/6,6,15.jp2,/calnon/image/15.jp2,image,calnon6.jpg,https://objects.lib.uidaho.edu/calnon/calnon6.jpg,https://objects.lib.uidaho.edu/calnon/small/calnon6_sm.jpg,https://objects.lib.uidaho.edu/calnon/thumbs/calnon6_th.jpg,
calnon7,,B17 Gun Seat,"Calnon, Mark",Photograph of B17 Gun Seat in exhibition B17,Photograph,,1980,yes,,Image;StillImage,image/jpeg,eng,"In Copyright - Educational Use Permitted. For more information, please contact University of Idaho Library Special Collections and Archives Department at libspec@uidaho.edu.",http://rightsstatements.org/vocab/InC-EDU/1.0/,2016-09-23,2018-02-22,http://digital.lib.uidaho.edu:80/cdm/ref/collection/calnon/id/7,7,16.jp2,/calnon/image/16.jp2,image,calnon7.jpg,https://objects.lib.uidaho.edu/calnon/calnon7.jpg,https://objects.lib.uidaho.edu/calnon/small/calnon7_sm.jpg,https://objects.lib.uidaho.edu/calnon/thumbs/calnon7_th.jpg,
calnon8,,Calnon 384th Reunion,"Calnon, Mark",Photograph of Calnon's Bomber Group years after the war.,Photograph,,1980,yes,,Image;StillImage,image/jpeg,eng,"In Copyright - Educational Use Permitted. For more information, please contact University of Idaho Library Special Collections and Archives Department at libspec@uidaho.edu.",http://rightsstatements.org/vocab/InC-EDU/1.0/,2016-09-23,2018-02-22,http://digital.lib.uidaho.edu:80/cdm/ref/collection/calnon/id/8,8,17.jp2,/calnon/image/17.jp2,image,calnon8.jpg,https://objects.lib.uidaho.edu/calnon/calnon8.jpg,https://objects.lib.uidaho.edu/calnon/small/calnon8_sm.jpg,https://objects.lib.uidaho.edu/calnon/thumbs/calnon8_th.jpg,
calnon9,,B17 Interior,"Calnon, Mark",Photograph of the interior of B17,Photograph,,1980,yes,,Image;StillImage,image/jpeg,eng,"In Copyright - Educational Use Permitted. For more information, please contact University of Idaho Library Special Collections and Archives Department at libspec@uidaho.edu.",http://rightsstatements.org/vocab/InC-EDU/1.0/,2016-09-23,2018-02-22,http://digital.lib.uidaho.edu:80/cdm/ref/collection/calnon/id/9,9,18.jp2,/calnon/image/18.jp2,image,calnon9.jpg,https://objects.lib.uidaho.edu/calnon/calnon9.jpg,https://objects.lib.uidaho.edu/calnon/small/calnon9_sm.jpg,https://objects.lib.uidaho.edu/calnon/thumbs/calnon9_th.jpg,
calnon10,,B17 Gun,"Calnon, Mark",Photograph of B17 Machine gun,Photograph,,1980,yes,,Image;StillImage,image/jpeg,eng,"In Copyright - Educational Use Permitted. For more information, please contact University of Idaho Library Special Collections and Archives Department at libspec@uidaho.edu.",http://rightsstatements.org/vocab/InC-EDU/1.0/,2016-09-23,2018-02-22,http://digital.lib.uidaho.edu:80/cdm/ref/collection/calnon/id/10,10,19.jp2,/calnon/image/19.jp2,image,calnon10.jpg,https://objects.lib.uidaho.edu/calnon/calnon10.jpg,https://objects.lib.uidaho.edu/calnon/small/calnon10_sm.jpg,https://objects.lib.uidaho.edu/calnon/thumbs/calnon10_th.jpg,
calnon12,,B17 Exterior Photo 1,"Calnon, Mark",Photograph of the exterior of exhibition B17,Photograph,,1980,yes,,Image;StillImage,image/jpeg,eng,"In Copyright - Educational Use Permitted. For more information, please contact University of Idaho Library Special Collections and Archives Department at libspec@uidaho.edu.",http://rightsstatements.org/vocab/InC-EDU/1.0/,2016-09-23,2018-02-22,http://digital.lib.uidaho.edu:80/cdm/ref/collection/calnon/id/12,12,20.jp2,/calnon/image/20.jp2,image,calnon12.jpg,https://objects.lib.uidaho.edu/calnon/calnon12.jpg,https://objects.lib.uidaho.edu/calnon/small/calnon12_sm.jpg,https://objects.lib.uidaho.edu/calnon/thumbs/calnon12_th.jpg,
calnon13,,Map of Tours,United States. Air Force,Scan of map of tours that Calnon flew during the war.,Scan of Map,,1992,yes,,Text,application/pdf,eng,"In Copyright - Educational Use Permitted. For more information, please contact University of Idaho Library Special Collections and Archives Department at libspec@uidaho.edu.",http://rightsstatements.org/vocab/InC-EDU/1.0/,2016-09-23,2018-02-22,http://digital.lib.uidaho.edu:80/cdm/ref/collection/calnon/id/13,13,21.pdf,/calnon/image/21.pdf,pdf,calnon13.pdf,https://objects.lib.uidaho.edu/calnon/calnon13.pdf,https://objects.lib.uidaho.edu/calnon/small/calnon13_sm.jpg,https://objects.lib.uidaho.edu/calnon/thumbs/calnon13_th.jpg,
calnon14,,B17 Exterior Photo 3,"Calnon, Mark",Photograph of the exterior of exhibition B19,Photograph,,1980,yes,,Image;StillImage,image/jpeg,eng,"In Copyright - Educational Use Permitted. For more information, please contact University of Idaho Library Special Collections and Archives Department at libspec@uidaho.edu.",http://rightsstatements.org/vocab/InC-EDU/1.0/,2016-09-23,2018-02-22,http://digital.lib.uidaho.edu:80/cdm/ref/collection/calnon/id/14,14,22.jp2,/calnon/image/22.jp2,image,calnon14.jpg,https://objects.lib.uidaho.edu/calnon/calnon14.jpg,https://objects.lib.uidaho.edu/calnon/small/calnon14_sm.jpg,https://objects.lib.uidaho.edu/calnon/thumbs/calnon14_th.jpg,
calnon15,,B17 Crew Portrait,"Calnon, Mark",Photograph of Calnon's B17 crew during WWII.,Photograph,,1980,yes,,Image;StillImage,image/jpeg,eng,"In Copyright - Educational Use Permitted. For more information, please contact University of Idaho Library Special Collections and Archives Department at libspec@uidaho.edu.",http://rightsstatements.org/vocab/InC-EDU/1.0/,2016-09-23,2018-02-22,http://digital.lib.uidaho.edu:80/cdm/ref/collection/calnon/id/15,15,23.jp2,/calnon/image/23.jp2,image,calnon15.jpg,https://objects.lib.uidaho.edu/calnon/calnon15.jpg,https://objects.lib.uidaho.edu/calnon/small/calnon15_sm.jpg,https://objects.lib.uidaho.edu/calnon/thumbs/calnon15_th.jpg,
calnon16,,Red Cross Card,"Sutton, Helen",Scan of red cross membership card during WWII HAS.,Photograph/Card,,1944,yes,,Image;StillImage,image/jpeg,eng,"In Copyright - Educational Use Permitted. For more information, please contact University of Idaho Library Special Collections and Archives Department at libspec@uidaho.edu.",http://rightsstatements.org/vocab/InC-EDU/1.0/,2016-09-23,2018-02-22,http://digital.lib.uidaho.edu:80/cdm/ref/collection/calnon/id/16,16,24.jpg,/calnon/image/24.jpg,image,calnon16.jpg,https://objects.lib.uidaho.edu/calnon/calnon16.jpg,https://objects.lib.uidaho.edu/calnon/small/calnon16_sm.jpg,https://objects.lib.uidaho.edu/calnon/thumbs/calnon16_th.jpg,
calnon17,,B17 Pilot Controls,"Calnon, Mark",Photographs of pilots controls in exhibition B17,Photograph,,1980,yes,,Image;StillImage,image/jpeg,eng,"In Copyright - Educational Use Permitted. For more information, please contact University of Idaho Library Special Collections and Archives Department at libspec@uidaho.edu.",http://rightsstatements.org/vocab/InC-EDU/1.0/,2016-09-23,2018-02-22,http://digital.lib.uidaho.edu:80/cdm/ref/collection/calnon/id/17,17,25.jp2,/calnon/image/25.jp2,image,calnon17.jpg,https://objects.lib.uidaho.edu/calnon/calnon17.jpg,https://objects.lib.uidaho.edu/calnon/small/calnon17_sm.jpg,https://objects.lib.uidaho.edu/calnon/thumbs/calnon17_th.jpg,
calnon18,,B17 Pilot Controls,"Calnon, Mark",Photographs of pilots controls in exhibition B17,Photograph,,1980,yes,,Image;StillImage,image/jpeg,eng,"In Copyright - Educational Use Permitted. For more information, please contact University of Idaho Library Special Collections and Archives Department at libspec@uidaho.edu.",http://rightsstatements.org/vocab/InC-EDU/1.0/,2016-09-23,2018-02-22,http://digital.lib.uidaho.edu:80/cdm/ref/collection/calnon/id/18,18,26.jp2,/calnon/image/26.jp2,image,calnon18.jpg,https://objects.lib.uidaho.edu/calnon/calnon18.jpg,https://objects.lib.uidaho.edu/calnon/small/calnon18_sm.jpg,https://objects.lib.uidaho.edu/calnon/thumbs/calnon18_th.jpg,
calnon19,,B17 Radio Room,"Calnon, Mark",Photograph of the radio room in exhibition B17,Photograph,,1980,yes,,Image;StillImage,image/jpeg,eng,"In Copyright - Educational Use Permitted. For more information, please contact University of Idaho Library Special Collections and Archives Department at libspec@uidaho.edu.",http://rightsstatements.org/vocab/InC-EDU/1.0/,2016-09-23,2018-02-22,http://digital.lib.uidaho.edu:80/cdm/ref/collection/calnon/id/19,19,27.jp2,/calnon/image/27.jp2,image,calnon19.jpg,https://objects.lib.uidaho.edu/calnon/calnon19.jpg,https://objects.lib.uidaho.edu/calnon/small/calnon19_sm.jpg,https://objects.lib.uidaho.edu/calnon/thumbs/calnon19_th.jpg,
calnon20,,B17 Waist,"Calnon, Mark",Photograph of the interior of exhibition B17,Photograph,,1980,yes,,Image;StillImage,image/jpeg,eng,"In Copyright - Educational Use Permitted. For more information, please contact University of Idaho Library Special Collections and Archives Department at libspec@uidaho.edu.",http://rightsstatements.org/vocab/InC-EDU/1.0/,2016-09-23,2018-02-22,http://digital.lib.uidaho.edu:80/cdm/ref/collection/calnon/id/20,20,28.jp2,/calnon/image/28.jp2,image,calnon20.jpg,https://objects.lib.uidaho.edu/calnon/calnon20.jpg,https://objects.lib.uidaho.edu/calnon/small/calnon20_sm.jpg,https://objects.lib.uidaho.edu/calnon/thumbs/calnon20_th.jpg,
calnon21,,Calnon Jr. Ext. B17,"Calnon, Mark",Photograph of Calnon Jr. outside exhibition B17,Photograph,,1980,yes,,Image;StillImage,image/jpeg,eng,"In Copyright - Educational Use Permitted. For more information, please contact University of Idaho Library Special Collections and Archives Department at libspec@uidaho.edu.",http://rightsstatements.org/vocab/InC-EDU/1.0/,2016-09-23,2018-02-22,http://digital.lib.uidaho.edu:80/cdm/ref/collection/calnon/id/21,21,29.jp2,/calnon/image/29.jp2,image,calnon21.jpg,https://objects.lib.uidaho.edu/calnon/calnon21.jpg,https://objects.lib.uidaho.edu/calnon/small/calnon21_sm.jpg,https://objects.lib.uidaho.edu/calnon/thumbs/calnon21_th.jpg,
calnon23,,Memphis Belle B17,"Calnon, Mark",Photograph of the exterior of Memphis Belle B17,Photograph,,1980,yes,,Image;StillImage,image/jpeg,eng,"In Copyright - Educational Use Permitted. For more information, please contact University of Idaho Library Special Collections and Archives Department at libspec@uidaho.edu.",http://rightsstatements.org/vocab/InC-EDU/1.0/,2016-09-23,2018-02-22,http://digital.lib.uidaho.edu:80/cdm/ref/collection/calnon/id/23,23,30.jp2,/calnon/image/30.jp2,image,calnon23.jpg,https://objects.lib.uidaho.edu/calnon/calnon23.jpg,https://objects.lib.uidaho.edu/calnon/small/calnon23_sm.jpg,https://objects.lib.uidaho.edu/calnon/thumbs/calnon23_th.jpg,
calnon24,,Reported Missing,Western Union Telegraph Company,Scan of telegram informing Mark's family he was missing.,Telegram,,1943,yes,,Text,application/pdf,eng,"In Copyright - Educational Use Permitted. For more information, please contact University of Idaho Library Special Collections and Archives Department at libspec@uidaho.edu.",http://rightsstatements.org/vocab/InC-EDU/1.0/,2016-09-23,2018-02-22,http://digital.lib.uidaho.edu:80/cdm/ref/collection/calnon/id/24,24,31.pdf,/calnon/image/31.pdf,pdf,calnon24.pdf,https://objects.lib.uidaho.edu/calnon/calnon24.pdf,https://objects.lib.uidaho.edu/calnon/small/calnon24_sm.jpg,https://objects.lib.uidaho.edu/calnon/thumbs/calnon24_th.jpg,
calnon25,,Military Portrait,United States. Air Force,Military Portrait of Mark Calnon,Photograph,,1943,yes,,Image;StillImage,image/jpeg,eng,"In Copyright - Educational Use Permitted. For more information, please contact University of Idaho Library Special Collections and Archives Department at libspec@uidaho.edu.",http://rightsstatements.org/vocab/InC-EDU/1.0/,2016-09-23,2018-02-22,http://digital.lib.uidaho.edu:80/cdm/ref/collection/calnon/id/25,25,32.jp2,/calnon/image/32.jp2,image,calnon25.jpg,https://objects.lib.uidaho.edu/calnon/calnon25.jpg,https://objects.lib.uidaho.edu/calnon/small/calnon25_sm.jpg,https://objects.lib.uidaho.edu/calnon/thumbs/calnon25_th.jpg,
calnon26,,Reported as a POW,Western Union Telegraph Company,Scan of telegram informing Mark's family he was taken as POW,Telegram,,1943,yes,,Text,application/pdf,eng,"In Copyright - Educational Use Permitted. For more information, please contact University of Idaho Library Special Collections and Archives Department at libspec@uidaho.edu.",http://rightsstatements.org/vocab/InC-EDU/1.0/,2016-09-23,2018-02-22,http://digital.lib.uidaho.edu:80/cdm/ref/collection/calnon/id/26,26,33.pdf,/calnon/image/33.pdf,pdf,calnon26.pdf,https://objects.lib.uidaho.edu/calnon/calnon26.pdf,https://objects.lib.uidaho.edu/calnon/small/calnon26_sm.jpg,https://objects.lib.uidaho.edu/calnon/thumbs/calnon26_th.jpg,
calnon27,,Nine-O-Nine B17,"Calnon, Mark","Photograph of ext, B17 Nine-O-Nine",Photograph,,1980,yes,,Image;StillImage,image/jpeg,eng,"In Copyright - Educational Use Permitted. For more information, please contact University of Idaho Library Special Collections and Archives Department at libspec@uidaho.edu.",http://rightsstatements.org/vocab/InC-EDU/1.0/,2016-09-23,2018-02-22,http://digital.lib.uidaho.edu:80/cdm/ref/collection/calnon/id/27,27,34.jp2,/calnon/image/34.jp2,image,calnon27.jpg,https://objects.lib.uidaho.edu/calnon/calnon27.jpg,https://objects.lib.uidaho.edu/calnon/small/calnon27_sm.jpg,https://objects.lib.uidaho.edu/calnon/thumbs/calnon27_th.jpg,
calnon28,,Returned to Military,Western Union Telegraph Company,Scan of telegram informing Mark's family he returned to duty.,Telegram,,1945,yes,,Text,application/pdf,eng,"In Copyright - Educational Use Permitted. For more information, please contact University of Idaho Library Special Collections and Archives Department at libspec@uidaho.edu.",http://rightsstatements.org/vocab/InC-EDU/1.0/,2016-09-23,2018-02-22,http://digital.lib.uidaho.edu:80/cdm/ref/collection/calnon/id/28,28,35.pdf,/calnon/image/35.pdf,pdf,calnon28.pdf,https://objects.lib.uidaho.edu/calnon/calnon28.pdf,https://objects.lib.uidaho.edu/calnon/small/calnon28_sm.jpg,https://objects.lib.uidaho.edu/calnon/thumbs/calnon28_th.jpg,
calnon29,,Plane Portrait,United States. Air Force,Photograph of Calnon in pilot suit outside training plane.,Photograph,,1943,yes,,Image;StillImage,image/jpeg,eng,"In Copyright - Educational Use Permitted. For more information, please contact University of Idaho Library Special Collections and Archives Department at libspec@uidaho.edu.",http://rightsstatements.org/vocab/InC-EDU/1.0/,2016-09-23,2018-02-22,http://digital.lib.uidaho.edu:80/cdm/ref/collection/calnon/id/29,29,36.jp2,/calnon/image/36.jp2,image,calnon29.jpg,https://objects.lib.uidaho.edu/calnon/calnon29.jpg,https://objects.lib.uidaho.edu/calnon/small/calnon29_sm.jpg,https://objects.lib.uidaho.edu/calnon/thumbs/calnon29_th.jpg,
calnon30,,Back to USA,Western Union Telegraph Company,Scan of telegram informing Mark's family he was in USA.,Telegram,,1945,yes,,Text,application/pdf,eng,"In Copyright - Educational Use Permitted. For more information, please contact University of Idaho Library Special Collections and Archives Department at libspec@uidaho.edu.",http://rightsstatements.org/vocab/InC-EDU/1.0/,2016-09-23,2018-02-22,http://digital.lib.uidaho.edu:80/cdm/ref/collection/calnon/id/30,30,37.pdf,/calnon/image/37.pdf,pdf,calnon30.pdf,https://objects.lib.uidaho.edu/calnon/calnon30.pdf,https://objects.lib.uidaho.edu/calnon/small/calnon30_sm.jpg,https://objects.lib.uidaho.edu/calnon/thumbs/calnon30_th.jpg,
calnon31,,Pilot Portrait,United States. Air Force,Standard photograph of pilot/Calnon.,Photograph,,1943,yes,,Image;StillImage,image/jpeg,eng,"In Copyright - Educational Use Permitted. For more information, please contact University of Idaho Library Special Collections and Archives Department at libspec@uidaho.edu.",http://rightsstatements.org/vocab/InC-EDU/1.0/,2016-09-23,2018-02-22,http://digital.lib.uidaho.edu:80/cdm/ref/collection/calnon/id/31,31,38.jp2,/calnon/image/38.jp2,image,calnon31.jpg,https://objects.lib.uidaho.edu/calnon/calnon31.jpg,https://objects.lib.uidaho.edu/calnon/small/calnon31_sm.jpg,https://objects.lib.uidaho.edu/calnon/thumbs/calnon31_th.jpg,
calnon32,,Pistol Training,United States. Air Force,Photograph of Calnon receiving officer pistol training.,Photograph,,1943,yes,,Image;StillImage,image/jpeg,eng,"In Copyright - Educational Use Permitted. For more information, please contact University of Idaho Library Special Collections and Archives Department at libspec@uidaho.edu.",http://rightsstatements.org/vocab/InC-EDU/1.0/,2016-09-23,2018-02-22,http://digital.lib.uidaho.edu:80/cdm/ref/collection/calnon/id/32,32,39.jp2,/calnon/image/39.jp2,image,calnon32.jpg,https://objects.lib.uidaho.edu/calnon/calnon32.jpg,https://objects.lib.uidaho.edu/calnon/small/calnon32_sm.jpg,https://objects.lib.uidaho.edu/calnon/thumbs/calnon32_th.jpg,
calnon34,,Calnon Bomber Hat,United States. Air Force,Blue hat detailing the bomber group of calnon. 384th.,Hat,USAF,1943-10-09,,,Image;StillImage,image/jpeg,eng,"In Copyright - Educational Use Permitted. For more information, please contact University of Idaho Library Special Collections and Archives Department at libspec@uidaho.edu.",http://rightsstatements.org/vocab/InC-EDU/1.0/,2016-09-23,2018-02-22,http://digital.lib.uidaho.edu:80/cdm/ref/collection/calnon/id/34,34,40.jp2,/calnon/image/40.jp2,image,calnon34.jpg,https://objects.lib.uidaho.edu/calnon/calnon34.jpg,https://objects.lib.uidaho.edu/calnon/small/calnon34_sm.jpg,https://objects.lib.uidaho.edu/calnon/thumbs/calnon34_th.jpg,
calnon35,,Stalag Luft III Memorial,Coors Brewing Company,Poster Replica of Stalag Luft III. Produced by Coors.,Commemorative Poster (Coors),Adolph Coors Brewing?,1943,yes,,Image;StillImage,image/jpeg,eng,"In Copyright - Educational Use Permitted. For more information, please contact University of Idaho Library Special Collections and Archives Department at libspec@uidaho.edu.",http://rightsstatements.org/vocab/InC-EDU/1.0/,2016-09-23,2018-02-22,http://digital.lib.uidaho.edu:80/cdm/ref/collection/calnon/id/35,35,41.jp2,/calnon/image/41.jp2,image,calnon35.jpg,https://objects.lib.uidaho.edu/calnon/calnon35.jpg,https://objects.lib.uidaho.edu/calnon/small/calnon35_sm.jpg,https://objects.lib.uidaho.edu/calnon/thumbs/calnon35_th.jpg,
calnon36,,Pilot Patch,United States. Air Force,Air Force Bomber Pilot insignia clothing patch,Patch,USAF,1943,yes,,Image;StillImage,image/jpeg,eng,"In Copyright - Educational Use Permitted. For more information, please contact University of Idaho Library Special Collections and Archives Department at libspec@uidaho.edu.",http://rightsstatements.org/vocab/InC-EDU/1.0/,2016-09-23,2018-02-22,http://digital.lib.uidaho.edu:80/cdm/ref/collection/calnon/id/36,36,42.jp2,/calnon/image/42.jp2,image,calnon36.jpg,https://objects.lib.uidaho.edu/calnon/calnon36.jpg,https://objects.lib.uidaho.edu/calnon/small/calnon36_sm.jpg,https://objects.lib.uidaho.edu/calnon/thumbs/calnon36_th.jpg,
calnon37,,Pilot Wings Pin,United States. Air Force,Metal Air Force Wing. Bomber?,Metal Wings,USAF,1943,yes,,Image;StillImage,image/jpeg,eng,"In Copyright - Educational Use Permitted. For more information, please contact University of Idaho Library Special Collections and Archives Department at libspec@uidaho.edu.",http://rightsstatements.org/vocab/InC-EDU/1.0/,2016-09-23,2018-02-22,http://digital.lib.uidaho.edu:80/cdm/ref/collection/calnon/id/37,37,43.jp2,/calnon/image/43.jp2,image,calnon37.jpg,https://objects.lib.uidaho.edu/calnon/calnon37.jpg,https://objects.lib.uidaho.edu/calnon/small/calnon37_sm.jpg,https://objects.lib.uidaho.edu/calnon/thumbs/calnon37_th.jpg,
calnon38,,POW Coin,United States. Bureau of the Mint,Coin minted by the United States Mint for POWs remembrance. Legal tender.,Official POW Commemorative,,1993,yes,,Image;StillImage,image/jpeg,eng,"In Copyright - Educational Use Permitted. For more information, please contact University of Idaho Library Special Collections and Archives Department at libspec@uidaho.edu.",http://rightsstatements.org/vocab/InC-EDU/1.0/,2016-09-23,2018-02-22,http://digital.lib.uidaho.edu:80/cdm/ref/collection/calnon/id/38,38,44.jp2,/calnon/image/44.jp2,image,calnon38.jpg,https://objects.lib.uidaho.edu/calnon/calnon38.jpg,https://objects.lib.uidaho.edu/calnon/small/calnon38_sm.jpg,https://objects.lib.uidaho.edu/calnon/thumbs/calnon38_th.jpg,
calnon39,,Stalag Luft III Memorial (Desk Weight),United States. Air Force. POW,Small marble stone w/ metal plaque memorializing POWs.,Marble Desk Memorial,,1993,yes,,Image;StillImage,image/jpeg,eng,"In Copyright - Educational Use Permitted. For more information, please contact University of Idaho Library Special Collections and Archives Department at libspec@uidaho.edu.",http://rightsstatements.org/vocab/InC-EDU/1.0/,2016-09-23,2018-02-22,http://digital.lib.uidaho.edu:80/cdm/ref/collection/calnon/id/39,39,45.jp2,/calnon/image/45.jp2,image,calnon39.jpg,https://objects.lib.uidaho.edu/calnon/calnon39.jpg,https://objects.lib.uidaho.edu/calnon/small/calnon39_sm.jpg,https://objects.lib.uidaho.edu/calnon/thumbs/calnon39_th.jpg,
calnon40,,Senate Letter,United States. Air Force,Scan of letter from US Senate to Mark Calnon's mother.,Letter,,1943,yes,,Image;StillImage,image/jpeg,eng,"In Copyright - Educational Use Permitted. For more information, please contact University of Idaho Library Special Collections and Archives Department at libspec@uidaho.edu.",http://rightsstatements.org/vocab/InC-EDU/1.0/,2016-09-23,2018-02-22,http://digital.lib.uidaho.edu:80/cdm/ref/collection/calnon/id/40,40,46.jp2,/calnon/image/46.jp2,image,calnon40.jpg,https://objects.lib.uidaho.edu/calnon/calnon40.jpg,https://objects.lib.uidaho.edu/calnon/small/calnon40_sm.jpg,https://objects.lib.uidaho.edu/calnon/thumbs/calnon40_th.jpg,
calnon41,,Commendation Letter,United States. Department of the Air Force,Scan of commendation letter to Mark Calnon from War Dept,Letter,,1943,yes,,Image;StillImage,image/jpeg,eng,"In Copyright - Educational Use Permitted. For more information, please contact University of Idaho Library Special Collections and Archives Department at libspec@uidaho.edu.",http://rightsstatements.org/vocab/InC-EDU/1.0/,2016-09-23,2018-02-22,http://digital.lib.uidaho.edu:80/cdm/ref/collection/calnon/id/41,41,47.jp2,/calnon/image/47.jp2,image,calnon41.jpg,https://objects.lib.uidaho.edu/calnon/calnon41.jpg,https://objects.lib.uidaho.edu/calnon/small/calnon41_sm.jpg,https://objects.lib.uidaho.edu/calnon/thumbs/calnon41_th.jpg,
calnon42,,War Ration Stamps,United States Government,Scan of War Ration Stamps from WWII.,Certificate,,1942,yes,,Image;StillImage,image/jpeg,eng,"In Copyright - Educational Use Permitted. For more information, please contact University of Idaho Library Special Collections and Archives Department at libspec@uidaho.edu.",http://rightsstatements.org/vocab/InC-EDU/1.0/,2016-09-23,2018-02-22,http://digital.lib.uidaho.edu:80/cdm/ref/collection/calnon/id/42,42,48.jp2,/calnon/image/48.jp2,image,calnon42.jpg,https://objects.lib.uidaho.edu/calnon/calnon42.jpg,https://objects.lib.uidaho.edu/calnon/small/calnon42_sm.jpg,https://objects.lib.uidaho.edu/calnon/thumbs/calnon42_th.jpg,
calnon43,,Caterpillar Club Card,Caterpillar Club,"Showing signature of Mark Calnon, saved life by parachute.",Card,Caterpillar Club,1943,yes,,Image;StillImage,image/jpeg,eng,"In Copyright - Educational Use Permitted. For more information, please contact University of Idaho Library Special Collections and Archives Department at libspec@uidaho.edu.",http://rightsstatements.org/vocab/InC-EDU/1.0/,2016-09-23,2018-02-22,http://digital.lib.uidaho.edu:80/cdm/ref/collection/calnon/id/43,43,49.jp2,/calnon/image/49.jp2,image,calnon43.jpg,https://objects.lib.uidaho.edu/calnon/calnon43.jpg,https://objects.lib.uidaho.edu/calnon/small/calnon43_sm.jpg,https://objects.lib.uidaho.edu/calnon/thumbs/calnon43_th.jpg,
calnon44,,384th Window Pamphlet,United States. Air Force,Document explaining the window dedicated to the 384th.,Pamphlet,,1989,yes,,Text,application/pdf,eng,"In Copyright - Educational Use Permitted. For more information, please contact University of Idaho Library Special Collections and Archives Department at libspec@uidaho.edu.",http://rightsstatements.org/vocab/InC-EDU/1.0/,2016-09-23,2018-02-22,http://digital.lib.uidaho.edu:80/cdm/ref/collection/calnon/id/44,44,5.pdf,/calnon/image/5.pdf,pdf,calnon44.pdf,https://objects.lib.uidaho.edu/calnon/calnon44.pdf,https://objects.lib.uidaho.edu/calnon/small/calnon44_sm.jpg,https://objects.lib.uidaho.edu/calnon/thumbs/calnon44_th.jpg,
calnon45,,POW Dog Tag (Calnon),German Government,"Calnon POW Dog Tag, Stalag Luft III.",POW Issue Dog Tag,,1943,yes,,Image;StillImage,image/jpeg,eng,"In Copyright - Educational Use Permitted. For more information, please contact University of Idaho Library Special Collections and Archives Department at libspec@uidaho.edu.",http://rightsstatements.org/vocab/InC-EDU/1.0/,2016-09-23,2018-02-22,http://digital.lib.uidaho.edu:80/cdm/ref/collection/calnon/id/45,45,50.jp2,/calnon/image/50.jp2,image,calnon45.jpg,https://objects.lib.uidaho.edu/calnon/calnon45.jpg,https://objects.lib.uidaho.edu/calnon/small/calnon45_sm.jpg,https://objects.lib.uidaho.edu/calnon/thumbs/calnon45_th.jpg,
calnon46,,USAF Dog Tag (Calnon),United States. Air Force,One standard issue WWII dog tag.,Standard Issue Dog Tag,,1941,yes,,Image;StillImage,image/jpeg,eng,"In Copyright - Educational Use Permitted. For more information, please contact University of Idaho Library Special Collections and Archives Department at libspec@uidaho.edu.",http://rightsstatements.org/vocab/InC-EDU/1.0/,2016-09-23,2018-02-22,http://digital.lib.uidaho.edu:80/cdm/ref/collection/calnon/id/46,46,51.jp2,/calnon/image/51.jp2,image,calnon46.jpg,https://objects.lib.uidaho.edu/calnon/calnon46.jpg,https://objects.lib.uidaho.edu/calnon/small/calnon46_sm.jpg,https://objects.lib.uidaho.edu/calnon/thumbs/calnon46_th.jpg,
calnon47,,Graduation Portrait,"Calnon, Mark",Graduation photograph of Mark Calnon from the University of Idaho,Photograph,,1941,yes,,Image;StillImage,image/jpeg,eng,"In Copyright - Educational Use Permitted. For more information, please contact University of Idaho Library Special Collections and Archives Department at libspec@uidaho.edu.",http://rightsstatements.org/vocab/InC-EDU/1.0/,2016-09-23,2018-02-22,http://digital.lib.uidaho.edu:80/cdm/ref/collection/calnon/id/47,47,52.jp2,/calnon/image/52.jp2,image,calnon47.jpg,https://objects.lib.uidaho.edu/calnon/calnon47.jpg,https://objects.lib.uidaho.edu/calnon/small/calnon47_sm.jpg,https://objects.lib.uidaho.edu/calnon/thumbs/calnon47_th.jpg,
calnon48,,Air Medal,United States. Air Force,USAF medal awarded to Calnon for being a POW.,Medal Awarded for Merit,,1945,yes,,Image;StillImage,image/jpeg,eng,"In Copyright - Educational Use Permitted. For more information, please contact University of Idaho Library Special Collections and Archives Department at libspec@uidaho.edu.",http://rightsstatements.org/vocab/InC-EDU/1.0/,2016-09-23,2018-02-22,http://digital.lib.uidaho.edu:80/cdm/ref/collection/calnon/id/48,48,6.jp2,/calnon/image/6.jp2,image,calnon48.jpg,https://objects.lib.uidaho.edu/calnon/calnon48.jpg,https://objects.lib.uidaho.edu/calnon/small/calnon48_sm.jpg,https://objects.lib.uidaho.edu/calnon/thumbs/calnon48_th.jpg,
calnon49,,B17 Exterior Photo 2,"Calnon, Mark",Photograph of the exterior of exhibition B18,Photograph,,1980,yes,,Image;StillImage,image/jpeg,eng,"In Copyright - Educational Use Permitted. For more information, please contact University of Idaho Library Special Collections and Archives Department at libspec@uidaho.edu.",http://rightsstatements.org/vocab/InC-EDU/1.0/,2016-09-23,2018-02-22,http://digital.lib.uidaho.edu:80/cdm/ref/collection/calnon/id/49,49,7.jp2,/calnon/image/7.jp2,image,calnon49.jpg,https://objects.lib.uidaho.edu/calnon/calnon49.jpg,https://objects.lib.uidaho.edu/calnon/small/calnon49_sm.jpg,https://objects.lib.uidaho.edu/calnon/thumbs/calnon49_th.jpg,
calnon50,,B17 Cockpit,"Calnon, Mark",Photograph of B17 cockpit from exhibition B17,Photograph,,1980,yes,,Image;StillImage,image/jpeg,eng,"In Copyright - Educational Use Permitted. For more information, please contact University of Idaho Library Special Collections and Archives Department at libspec@uidaho.edu.",http://rightsstatements.org/vocab/InC-EDU/1.0/,2016-09-23,2018-02-22,http://digital.lib.uidaho.edu:80/cdm/ref/collection/calnon/id/50,50,8.jp2,/calnon/image/8.jp2,image,calnon50.jpg,https://objects.lib.uidaho.edu/calnon/calnon50.jpg,https://objects.lib.uidaho.edu/calnon/small/calnon50_sm.jpg,https://objects.lib.uidaho.edu/calnon/thumbs/calnon50_th.jpg,
calnon51,,Calnon Camp Map w/ Notes,"Calnon, Mark",Map of Stalag Luft III with notes of being a prisoner.,Map,,1995,yes,,Text,application/pdf,eng,"In Copyright - Educational Use Permitted. For more information, please contact University of Idaho Library Special Collections and Archives Department at libspec@uidaho.edu.",http://rightsstatements.org/vocab/InC-EDU/1.0/,2016-09-23,2018-02-22,http://digital.lib.uidaho.edu:80/cdm/ref/collection/calnon/id/51,51,9.pdf,/calnon/image/9.pdf,pdf,calnon51.pdf,https://objects.lib.uidaho.edu/calnon/calnon51.pdf,https://objects.lib.uidaho.edu/calnon/small/calnon51_sm.jpg,https://objects.lib.uidaho.edu/calnon/thumbs/calnon51_th.jpg,
calnon_interview,,"Mark Brooks Calnon, Oral History Interview by Denise Bennett","Calnon, Mark; Bennett, Denise",An interview with Mark Calnon regarding his personal history as a WWII pilot and Prisoner of War,POW; WWII; prisons; prisoners; wars,Denise Bennet,2013-08-13,,"Boise, ID",,compound_object,eng,"CC license assigned by Denise Bennett. For more information, please contact University of Idaho Library Special Collections and Archives Department at libspec@uidaho.edu.",https://creativecommons.org/licenses/by/4.0/,2016-10-19,2018-02-22,http://digital.lib.uidaho.edu:80/cdm/ref/collection/calnon/id/52,52,53.pdf,/calnon/image/53.pdf,compound_object,,,https://objects.lib.uidaho.edu/calnon/small/calnon33_sm.jpg,https://objects.lib.uidaho.edu/calnon/thumbs/calnon33_th.jpg,
calnon11,calnon_interview,Audio: Mark Brooks Calnon Oral History (MP3 80.5MB),"Bennett, Denise",Oral history with 2nd Lt. Mark Brooks Calnon recalling WWII pilot and POW experience,Oral History; WWII; POW,Denise Bennett,2013-08-13,,"Boise, ID",Sound,audio/mp3,eng,"CC license assigned by Denise Bennett. For more information, please contact University of Idaho Library Special Collections and Archives Department at libspec@uidaho.edu.",https://creativecommons.org/licenses/by/4.0/,2016-09-23,2018-02-22,http://digital.lib.uidaho.edu:80/cdm/ref/collection/calnon/id/11,11,2.mp3,/calnon/image/2.mp3,audio,calnon11.mp3,https://objects.lib.uidaho.edu/calnon/calnon11.mp3,https://objects.lib.uidaho.edu/calnon/small/calnon33_sm.jpg,https://objects.lib.uidaho.edu/calnon/thumbs/calnon33_th.jpg,/objects/calnon_transcript.md
calnon33,calnon_interview,Video: Mark Brooks Calnon Oral History (MP4 650.4MB),"Bennett, Denise",Oral history with 2nd Lt. Mark Brooks Calnon recalling WWII pilot and POW experience,Oral History; WWII; POW,Denise Bennett,2013-08-13,,"Boise, ID",Image;MovingImage,video/mp4,eng,"CC license assigned by Denise Bennett. For more information, please contact University of Idaho Library Special Collections and Archives Department at libspec@uidaho.edu.",https://creativecommons.org/licenses/by/4.0/,2016-09-23,2018-02-22,http://digital.lib.uidaho.edu:80/cdm/ref/collection/calnon/id/33,33,4.mov,/calnon/image/33.mp4,record,calnon33.mp4,https://objects.lib.uidaho.edu/calnon/calnon33.mp4,https://objects.lib.uidaho.edu/calnon/small/calnon33_sm.jpg,https://objects.lib.uidaho.edu/calnon/thumbs/calnon33_th.jpg,
calnon22,calnon_interview,Full Quality Video: Mark Brooks Calnon Oral History (MP4 8.69GB),"Bennett, Denise",Oral history with 2nd Lt. Mark Brooks Calnon recalling WWII pilot and POW experience,Oral History; WWII; POW,Denise Bennett,2013-08-13,,"Boise, ID",Image;MovingImage,video/mp4,eng,"CC license assigned by Denise Bennett. For more information, please contact University of Idaho Library Special Collections and Archives Department at libspec@uidaho.edu.",https://creativecommons.org/licenses/by/4.0/,2016-09-23,2018-02-22,http://digital.lib.uidaho.edu:80/cdm/ref/collection/calnon/id/22,22,3.mov,/calnon/image/22.mp4,record,calnon22.mp4,https://objects.lib.uidaho.edu/calnon/calnon22.mp4,https://objects.lib.uidaho.edu/calnon/small/calnon22_sm.jpg,https://objects.lib.uidaho.edu/calnon/thumbs/calnon22_th.jpg,
calnon52,calnon_interview,"Transcript: Mark Brooks Calnon Oral History (PDF)","Calnon, Mark; Bennett, Denise",An interview with Mark Calnon regarding his personal history as a WWII pilot and Prisoner of War,POW; WWII; prisons; prisoners; wars,,2013-08-13,,"Boise, ID",Text,application/pdf,eng,"CC license assigned by Denise Bennett. For more information, please contact University of Idaho Library Special Collections and Archives Department at libspec@uidaho.edu.",https://creativecommons.org/licenses/by/4.0/,2016-10-19,2018-02-22,http://digital.lib.uidaho.edu:80/cdm/ref/collection/calnon/id/52,52,53.pdf,/calnon/image/53.pdf,pdf,calnon52.pdf,https://objects.lib.uidaho.edu/calnon/calnon52.pdf,https://objects.lib.uidaho.edu/calnon/small/calnon52_sm.jpg,https://objects.lib.uidaho.edu/calnon/thumbs/calnon52_th.jpg,
