objectid,title,subject,photographer,archival_date,date,description,subject_lctgm,location_old,location,idaho_county,source,finding_aid,digital_collection,holding_institution,format_original,format,type,identifier,datedigital,language,rights,rightsstatement,digitalspecifications,cdm_url,cdmid,display_template,filename,object_location,image_small,image_thumb
higgins0,Cataract,waterfalls (natural bodies of water); nature photography,"Higgins, Robert, E.",1 October 1984,1984-10-01,"Shoshone Falls on the Snake River at Twin Falls, Idaho. Two people can be seen sitting on ledge across from falls. This was entered into the Columbia Council of Camera Clubs and received 2nd place in the competition.",Photographic prints,United States--Idaho--Twin Falls County--Twin Falls,"Twin Falls, Idaho",Twin Falls County,"PG 125, Collection on Robert E. Higgins, 1947-1997, University of Idaho Library Special Collections and Archives",https://archiveswest.orbiscascade.org/ark:80444/xv741822?q=Higgins,Robert E. Higgins Collection,University of Idaho Library,Black and White Photograph,image/jpeg,Image;StillImage,higgins_001,2011-02-15,eng,"In copyright, educational use permitted. Educational use includes non-commercial reproduction of text and images in materials for teaching and research purposes. For other contexts beyond fair use, including digital reproduction, please contact the University of Idaho Library Special Collections and Archives Department at libspec@uidaho.edu. The University of Idaho Library is not liable for any violations of the law by users.",http://rightsstatements.org/vocab/InC-EDU/1.0/,Original is archival Tiff. Displayed is a reduced jpg.,http://digital.lib.uidaho.edu:80/cdm/ref/collection/higgins/id/0,0,image,higgins0.jpg,https://objects.lib.uidaho.edu/higgins/higgins0.jpg,https://objects.lib.uidaho.edu/higgins/small/higgins0_sm.jpg,https://objects.lib.uidaho.edu/higgins/thumbs/higgins0_th.jpg
higgins1,Desert Barn,barns;deterioration;deserts;dirt roads; barnyard; agricultural buildings,"Higgins, Robert, E.",11 April 1984,1984-04-11,A dirt road leading up to a dilapidated barn surrounded by sagebrush and desert recieved a score of 23 at the Boise Camera Club competition.,Photographic prints,United States--Idaho,Idaho,,"PG 125, Collection on Robert E. Higgins, 1947-1997, University of Idaho Library Special Collections and Archives",https://archiveswest.orbiscascade.org/ark:80444/xv741822?q=Higgins,Robert E. Higgins Collection,University of Idaho Library,Black and White Photograph,image/jpeg,Image;StillImage,higgins_010,2011-02-17,eng,"In copyright, educational use permitted. Educational use includes non-commercial reproduction of text and images in materials for teaching and research purposes. For other contexts beyond fair use, including digital reproduction, please contact the University of Idaho Library Special Collections and Archives Department at libspec@uidaho.edu. The University of Idaho Library is not liable for any violations of the law by users.",http://rightsstatements.org/vocab/InC-EDU/1.0/,Original is archival Tiff. Displayed is a reduced jpg.,http://digital.lib.uidaho.edu:80/cdm/ref/collection/higgins/id/1,1,image,higgins1.jpg,https://objects.lib.uidaho.edu/higgins/higgins1.jpg,https://objects.lib.uidaho.edu/higgins/small/higgins1_sm.jpg,https://objects.lib.uidaho.edu/higgins/thumbs/higgins1_th.jpg
higgins2,LaMoille Fence,rail fences;trees;bushes;mountains; cultural landscapes;,"Higgins, Robert, E.",15 December 1988,1988-12-15,"An overgrown fence and trees with a mountainous background, which was entered into the Boise Camera Club competition and received 3rd place.",Photographic prints,United States--Idaho,Idaho,,"PG 125, Collection on Robert E. Higgins, 1947-1997, University of Idaho Library Special Collections and Archives",https://archiveswest.orbiscascade.org/ark:80444/xv741822?q=Higgins,Robert E. Higgins Collection,University of Idaho Library,Black and White Photograph,image/jpeg,Image;StillImage,higgins_011,2011-02-17,eng,"In copyright, educational use permitted. Educational use includes non-commercial reproduction of text and images in materials for teaching and research purposes. For other contexts beyond fair use, including digital reproduction, please contact the University of Idaho Library Special Collections and Archives Department at libspec@uidaho.edu. The University of Idaho Library is not liable for any violations of the law by users.",http://rightsstatements.org/vocab/InC-EDU/1.0/,Original is archival Tiff. Displayed is a reduced jpg.,http://digital.lib.uidaho.edu:80/cdm/ref/collection/higgins/id/2,2,image,higgins2.jpg,https://objects.lib.uidaho.edu/higgins/higgins2.jpg,https://objects.lib.uidaho.edu/higgins/small/higgins2_sm.jpg,https://objects.lib.uidaho.edu/higgins/thumbs/higgins2_th.jpg
higgins3,Bayhorse,trees;bushes;ghost towns;dirt roads;abandoned buildings;deterioration;valleys (landforms); cultural landscapes; ruins,"Higgins, Robert, E.",14 November 1989,1989-11-14,Light and shadow play off this remote ghost town. This image of falling down buildings and a road was entered into Boise Camera Club competition and received a score of 20.,Photographic prints,United States--Idaho--Custer County--Challis,"Bayhorse, Idaho",Custer County,"PG 125, Collection on Robert E. Higgins, 1947-1997, University of Idaho Library Special Collections and Archives",https://archiveswest.orbiscascade.org/ark:80444/xv741822?q=Higgins,Robert E. Higgins Collection,University of Idaho Library,Black and White Photograph,image/jpeg,Image;StillImage,higgins_012,2011-02-17,eng,"In copyright, educational use permitted. Educational use includes non-commercial reproduction of text and images in materials for teaching and research purposes. For other contexts beyond fair use, including digital reproduction, please contact the University of Idaho Library Special Collections and Archives Department at libspec@uidaho.edu. The University of Idaho Library is not liable for any violations of the law by users.",http://rightsstatements.org/vocab/InC-EDU/1.0/,Original is archival Tiff. Displayed is a reduced jpg.,http://digital.lib.uidaho.edu:80/cdm/ref/collection/higgins/id/3,3,image,higgins3.jpg,https://objects.lib.uidaho.edu/higgins/higgins3.jpg,https://objects.lib.uidaho.edu/higgins/small/higgins3_sm.jpg,https://objects.lib.uidaho.edu/higgins/thumbs/higgins3_th.jpg
higgins4,Cascade,rapids;rivers;rocks (landforms); nature photography,"Higgins, Robert, E.",17 April 1993,1993-04-17,"Swirling water cascading over rocks was entered into Calgary Exhibition pictorial judging labels, PSA international, and The Great Western competitions.",Photographic prints,United States--Idaho,Idaho,,"PG 125, Collection on Robert E. Higgins, 1947-1997, University of Idaho Library Special Collections and Archives",https://archiveswest.orbiscascade.org/ark:80444/xv741822?q=Higgins,Robert E. Higgins Collection,University of Idaho Library,Black and White Photograph,image/jpeg,Image;StillImage,higgins_013,2011-02-17,eng,"In copyright, educational use permitted. Educational use includes non-commercial reproduction of text and images in materials for teaching and research purposes. For other contexts beyond fair use, including digital reproduction, please contact the University of Idaho Library Special Collections and Archives Department at libspec@uidaho.edu. The University of Idaho Library is not liable for any violations of the law by users.",http://rightsstatements.org/vocab/InC-EDU/1.0/,Original is archival Tiff. Displayed is a reduced jpg.,http://digital.lib.uidaho.edu:80/cdm/ref/collection/higgins/id/4,4,image,higgins4.jpg,https://objects.lib.uidaho.edu/higgins/higgins4.jpg,https://objects.lib.uidaho.edu/higgins/small/higgins4_sm.jpg,https://objects.lib.uidaho.edu/higgins/thumbs/higgins4_th.jpg
higgins5,Red Fish Rapids,rapids;rivers;rocks (landforms); nature photography,"Higgins, Robert, E.",9 October 1998,1998-10-09,Rapids tumbling over rocks is the focus of this image that was entered into Boise Camera Club competition and received a score of 25.,Photographic prints,United States--Idaho,Idaho,,"PG 125, Collection on Robert E. Higgins, 1947-1997, University of Idaho Library Special Collections and Archives",https://archiveswest.orbiscascade.org/ark:80444/xv741822?q=Higgins,Robert E. Higgins Collection,University of Idaho Library,Black and White Photograph,image/jpeg,Image;StillImage,higgins_014,2011-02-17,eng,"In copyright, educational use permitted. Educational use includes non-commercial reproduction of text and images in materials for teaching and research purposes. For other contexts beyond fair use, including digital reproduction, please contact the University of Idaho Library Special Collections and Archives Department at libspec@uidaho.edu. The University of Idaho Library is not liable for any violations of the law by users.",http://rightsstatements.org/vocab/InC-EDU/1.0/,Original is archival Tiff. Displayed is a reduced jpg.,http://digital.lib.uidaho.edu:80/cdm/ref/collection/higgins/id/5,5,image,higgins5.jpg,https://objects.lib.uidaho.edu/higgins/higgins5.jpg,https://objects.lib.uidaho.edu/higgins/small/higgins5_sm.jpg,https://objects.lib.uidaho.edu/higgins/thumbs/higgins5_th.jpg
higgins6,Split,wood (plant material);axes (tools),"Higgins, Robert, E.",13 September 1983,1983-09-13,The violence of a double-headed ax splitting wood was captured by this image and entered into The Photographic Society of America International Club Print Competition.,Photographic prints,United States--Idaho,Idaho,,"PG 125, Collection on Robert E. Higgins, 1947-1997, University of Idaho Library Special Collections and Archives",https://archiveswest.orbiscascade.org/ark:80444/xv741822?q=Higgins,Robert E. Higgins Collection,University of Idaho Library,Black and White Photograph,image/jpeg,Image;StillImage,higgins_015,2011-02-17,eng,"In copyright, educational use permitted. Educational use includes non-commercial reproduction of text and images in materials for teaching and research purposes. For other contexts beyond fair use, including digital reproduction, please contact the University of Idaho Library Special Collections and Archives Department at libspec@uidaho.edu. The University of Idaho Library is not liable for any violations of the law by users.",http://rightsstatements.org/vocab/InC-EDU/1.0/,Original is archival Tiff. Displayed is a reduced jpg.,http://digital.lib.uidaho.edu:80/cdm/ref/collection/higgins/id/6,6,image,higgins6.jpg,https://objects.lib.uidaho.edu/higgins/higgins6.jpg,https://objects.lib.uidaho.edu/higgins/small/higgins6_sm.jpg,https://objects.lib.uidaho.edu/higgins/thumbs/higgins6_th.jpg
higgins7,Onion Harvest,allium (genus);farmers (people in agriculture);farms; farming;,"Higgins, Robert, E.",1 December 1993,1993-12-01,"A pleased-looking farmer shows off his onion crop. He is in the foreground of a field, surrounded by full bags of onioons. This image was entered into the Boise Camera Club competition and received a score of 22.",Photographic prints,United States--Idaho,Idaho,,"PG 125, Collection on Robert E. Higgins, 1947-1997, University of Idaho Library Special Collections and Archives",https://archiveswest.orbiscascade.org/ark:80444/xv741822?q=Higgins,Robert E. Higgins Collection,University of Idaho Library,Black and White Photograph,image/jpeg,Image;StillImage,higgins_016,2011-02-17,eng,"In copyright, educational use permitted. Educational use includes non-commercial reproduction of text and images in materials for teaching and research purposes. For other contexts beyond fair use, including digital reproduction, please contact the University of Idaho Library Special Collections and Archives Department at libspec@uidaho.edu. The University of Idaho Library is not liable for any violations of the law by users.",http://rightsstatements.org/vocab/InC-EDU/1.0/,Original is archival Tiff. Displayed is a reduced jpg.,http://digital.lib.uidaho.edu:80/cdm/ref/collection/higgins/id/7,7,image,higgins7.jpg,https://objects.lib.uidaho.edu/higgins/higgins7.jpg,https://objects.lib.uidaho.edu/higgins/small/higgins7_sm.jpg,https://objects.lib.uidaho.edu/higgins/thumbs/higgins7_th.jpg
higgins8,Tea Garden,"Chinese (culture or style);restaurants;urban areas; chinatowns; lamps, neon","Higgins, Robert, E.",11 December 1984,1984-12-11,"A city-scene showing Fong's Chinese Restaurant and the Tea Garden building in Old China Town, Boise, Idaho, was entered into the Boise Camera Club competition and received a score of 21. On the corner of the building is a neon blade sign and a neon sign above the eave.",Photographic prints,United States--Idaho,Idaho,,"PG 125, Collection on Robert E. Higgins, 1947-1997, University of Idaho Library Special Collections and Archives",https://archiveswest.orbiscascade.org/ark:80444/xv741822?q=Higgins,Robert E. Higgins Collection,University of Idaho Library,Color Photograph,image/jpeg,Image;StillImage,higgins_017,2011-02-17,eng,"In copyright, educational use permitted. Educational use includes non-commercial reproduction of text and images in materials for teaching and research purposes. For other contexts beyond fair use, including digital reproduction, please contact the University of Idaho Library Special Collections and Archives Department at libspec@uidaho.edu. The University of Idaho Library is not liable for any violations of the law by users.",http://rightsstatements.org/vocab/InC-EDU/1.0/,Original is archival Tiff. Displayed is a reduced jpg.,http://digital.lib.uidaho.edu:80/cdm/ref/collection/higgins/id/8,8,image,higgins8.jpg,https://objects.lib.uidaho.edu/higgins/higgins8.jpg,https://objects.lib.uidaho.edu/higgins/small/higgins8_sm.jpg,https://objects.lib.uidaho.edu/higgins/thumbs/higgins8_th.jpg
higgins9,Lap Siding,barnboard;siding (material);wood (plant material),"Higgins, Robert, E.",14 November 1989,1989-11-14,Weathered wood makes for this interesting image that was entered into the Boise Camera Club competition and received a score of 20.,Photographic prints,United States--Idaho,Idaho,,"PG 125, Collection on Robert E. Higgins, 1947-1997, University of Idaho Library Special Collections and Archives",https://archiveswest.orbiscascade.org/ark:80444/xv741822?q=Higgins,Robert E. Higgins Collection,University of Idaho Library,Black and White Photograph,image/jpeg,Image;StillImage,higgins_018,2011-02-17,eng,"In copyright, educational use permitted. Educational use includes non-commercial reproduction of text and images in materials for teaching and research purposes. For other contexts beyond fair use, including digital reproduction, please contact the University of Idaho Library Special Collections and Archives Department at libspec@uidaho.edu. The University of Idaho Library is not liable for any violations of the law by users.",http://rightsstatements.org/vocab/InC-EDU/1.0/,Original is archival Tiff. Displayed is a reduced jpg.,http://digital.lib.uidaho.edu:80/cdm/ref/collection/higgins/id/9,9,image,higgins9.jpg,https://objects.lib.uidaho.edu/higgins/higgins9.jpg,https://objects.lib.uidaho.edu/higgins/small/higgins9_sm.jpg,https://objects.lib.uidaho.edu/higgins/thumbs/higgins9_th.jpg
higgins10,Security,barnboard;wood (plant material);locks (securing devices); black-and-white photography;,"Higgins, Robert, E.",10 May 1988,1988-05-10,A solitary lock and chain is keeping this weathered wood gate shut. This image was entered into the Boise Camera Club competition and received a score of 23.,Photographic prints,United States--Idaho,Idaho,,"PG 125, Collection on Robert E. Higgins, 1947-1997, University of Idaho Library Special Collections and Archives",https://archiveswest.orbiscascade.org/ark:80444/xv741822?q=Higgins,Robert E. Higgins Collection,University of Idaho Library,Black and White Photograph,image/jpeg,Image;StillImage,higgins_019,2011-02-17,eng,"In copyright, educational use permitted. Educational use includes non-commercial reproduction of text and images in materials for teaching and research purposes. For other contexts beyond fair use, including digital reproduction, please contact the University of Idaho Library Special Collections and Archives Department at libspec@uidaho.edu. The University of Idaho Library is not liable for any violations of the law by users.",http://rightsstatements.org/vocab/InC-EDU/1.0/,Original is archival Tiff. Displayed is a reduced jpg.,http://digital.lib.uidaho.edu:80/cdm/ref/collection/higgins/id/10,10,image,higgins10.jpg,https://objects.lib.uidaho.edu/higgins/higgins10.jpg,https://objects.lib.uidaho.edu/higgins/small/higgins10_sm.jpg,https://objects.lib.uidaho.edu/higgins/thumbs/higgins10_th.jpg
higgins11,Abandoned Home,abandoned dwellings;barnboard;siding (material);wood (plant material);bushes,"Higgins, Robert, E.",2 June 1996,1996-06-02,A close up view of an abandoned house received a score of 25 by the Boise Camera Club competition.,Photographic prints,United States--Idaho,Idaho,,"PG 125, Collection on Robert E. Higgins, 1947-1997, University of Idaho Library Special Collections and Archives",https://archiveswest.orbiscascade.org/ark:80444/xv741822?q=Higgins,Robert E. Higgins Collection,University of Idaho Library,Black and White Photograph,image/jpeg,Image;StillImage,higgins_002,2011-02-15,eng,"In copyright, educational use permitted. Educational use includes non-commercial reproduction of text and images in materials for teaching and research purposes. For other contexts beyond fair use, including digital reproduction, please contact the University of Idaho Library Special Collections and Archives Department at libspec@uidaho.edu. The University of Idaho Library is not liable for any violations of the law by users.",http://rightsstatements.org/vocab/InC-EDU/1.0/,Original is archival Tiff. Displayed is a reduced jpg.,http://digital.lib.uidaho.edu:80/cdm/ref/collection/higgins/id/11,11,image,higgins11.jpg,https://objects.lib.uidaho.edu/higgins/higgins11.jpg,https://objects.lib.uidaho.edu/higgins/small/higgins11_sm.jpg,https://objects.lib.uidaho.edu/higgins/thumbs/higgins11_th.jpg
higgins12,Fongs,"Chinese (culture or style);restaurants;urban areas; chinatowns; lamps, neon","Higgins, Robert, E.",14 February 1984,1984-02-14,"This close up view of Fongs building in Old China Town, Boise, Idaho received a score of 39 by the Columbia Council of Camera Clubs. On the corner of the building is a blade neon sign.",Photographic prints,United States--Idaho,"Boise, Idaho",Ada County,"PG 125, Collection on Robert E. Higgins, 1947-1997, University of Idaho Library Special Collections and Archives",https://archiveswest.orbiscascade.org/ark:80444/xv741822?q=Higgins,Robert E. Higgins Collection,University of Idaho Library,Color Photograph,image/jpeg,Image;StillImage,higgins_020,2011-02-17,eng,"In copyright, educational use permitted. Educational use includes non-commercial reproduction of text and images in materials for teaching and research purposes. For other contexts beyond fair use, including digital reproduction, please contact the University of Idaho Library Special Collections and Archives Department at libspec@uidaho.edu. The University of Idaho Library is not liable for any violations of the law by users.",http://rightsstatements.org/vocab/InC-EDU/1.0/,Original is archival Tiff. Displayed is a reduced jpg.,http://digital.lib.uidaho.edu:80/cdm/ref/collection/higgins/id/12,12,image,higgins12.jpg,https://objects.lib.uidaho.edu/higgins/higgins12.jpg,https://objects.lib.uidaho.edu/higgins/small/higgins12_sm.jpg,https://objects.lib.uidaho.edu/higgins/thumbs/higgins12_th.jpg
higgins13,Pioneer,abandoned buildings;barnboard;siding (material);wood (plant material);fences (site elements),"Higgins, Robert, E.",14 November 1989,1989-11-14,"A lonely, abandoned building behind a dilapidated fence received a score of 21 from the Boise Camera Club competition.",Photographic prints,United States--Idaho,Idaho,,"PG 125, Collection on Robert E. Higgins, 1947-1997, University of Idaho Library Special Collections and Archives",https://archiveswest.orbiscascade.org/ark:80444/xv741822?q=Higgins,Robert E. Higgins Collection,University of Idaho Library,Black and White Photograph,image/jpeg,Image;StillImage,higgins_021,2011-02-17,eng,"In copyright, educational use permitted. Educational use includes non-commercial reproduction of text and images in materials for teaching and research purposes. For other contexts beyond fair use, including digital reproduction, please contact the University of Idaho Library Special Collections and Archives Department at libspec@uidaho.edu. The University of Idaho Library is not liable for any violations of the law by users.",http://rightsstatements.org/vocab/InC-EDU/1.0/,Original is archival Tiff. Displayed is a reduced jpg.,http://digital.lib.uidaho.edu:80/cdm/ref/collection/higgins/id/13,13,image,higgins13.jpg,https://objects.lib.uidaho.edu/higgins/higgins13.jpg,https://objects.lib.uidaho.edu/higgins/small/higgins13_sm.jpg,https://objects.lib.uidaho.edu/higgins/thumbs/higgins13_th.jpg
higgins14,Sagging Screen,abandoned buildings;barnboard;siding (material);wood (plant material);screen window;deterioration,"Higgins, Robert, E.",13 February 1990,1990-02-13,Sagging screen hanging off a window of an abandoned building received a score of 22 at the Boise Camera Club competition.,Photographic prints,United States--Idaho,Idaho,,"PG 125, Collection on Robert E. Higgins, 1947-1997, University of Idaho Library Special Collections and Archives",https://archiveswest.orbiscascade.org/ark:80444/xv741822?q=Higgins,Robert E. Higgins Collection,University of Idaho Library,Black and White Photograph,image/jpeg,Image;StillImage,higgins_022,2011-02-17,eng,"In copyright, educational use permitted. Educational use includes non-commercial reproduction of text and images in materials for teaching and research purposes. For other contexts beyond fair use, including digital reproduction, please contact the University of Idaho Library Special Collections and Archives Department at libspec@uidaho.edu. The University of Idaho Library is not liable for any violations of the law by users.",http://rightsstatements.org/vocab/InC-EDU/1.0/,Original is archival Tiff. Displayed is a reduced jpg.,http://digital.lib.uidaho.edu:80/cdm/ref/collection/higgins/id/14,14,image,higgins14.jpg,https://objects.lib.uidaho.edu/higgins/higgins14.jpg,https://objects.lib.uidaho.edu/higgins/small/higgins14_sm.jpg,https://objects.lib.uidaho.edu/higgins/thumbs/higgins14_th.jpg
higgins15,Boise Ridge Survivor,trees;moons; nature photography,"Higgins, Robert, E.",1 October 1996,1996-10-01,A solitary tree reaches for the moon. This image received a score of 23 from the Boise Camera Club and received a score of 38 from the Columbia Council of Camera Clubs.,Photographic prints,United States--Idaho,"Boise, Idaho",Ada County,"PG 125, Collection on Robert E. Higgins, 1947-1997, University of Idaho Library Special Collections and Archives",https://archiveswest.orbiscascade.org/ark:80444/xv741822?q=Higgins,Robert E. Higgins Collection,University of Idaho Library,Black and White Photograph,image/jpeg,Image;StillImage,higgins_023,2011-02-17,eng,"In copyright, educational use permitted. Educational use includes non-commercial reproduction of text and images in materials for teaching and research purposes. For other contexts beyond fair use, including digital reproduction, please contact the University of Idaho Library Special Collections and Archives Department at libspec@uidaho.edu. The University of Idaho Library is not liable for any violations of the law by users.",http://rightsstatements.org/vocab/InC-EDU/1.0/,Original is archival Tiff. Displayed is a reduced jpg.,http://digital.lib.uidaho.edu:80/cdm/ref/collection/higgins/id/15,15,image,higgins15.jpg,https://objects.lib.uidaho.edu/higgins/higgins15.jpg,https://objects.lib.uidaho.edu/higgins/small/higgins15_sm.jpg,https://objects.lib.uidaho.edu/higgins/thumbs/higgins15_th.jpg
higgins16,In Sands of Time,dunes;sand areas;footprints (foot impressions),"Higgins, Robert, E.",12 December 1989,1989-12-12,Lonely footprints through the sand received a score of 24 at the Boise Camera Club competition.,Photographic prints,United States--Idaho,Idaho,,"PG 125, Collection on Robert E. Higgins, 1947-1997, University of Idaho Library Special Collections and Archives",https://archiveswest.orbiscascade.org/ark:80444/xv741822?q=Higgins,Robert E. Higgins Collection,University of Idaho Library,Black and White Photograph,image/jpeg,Image;StillImage,higgins_025,2011-02-17,eng,"In copyright, educational use permitted. Educational use includes non-commercial reproduction of text and images in materials for teaching and research purposes. For other contexts beyond fair use, including digital reproduction, please contact the University of Idaho Library Special Collections and Archives Department at libspec@uidaho.edu. The University of Idaho Library is not liable for any violations of the law by users.",http://rightsstatements.org/vocab/InC-EDU/1.0/,Original is archival Tiff. Displayed is a reduced jpg.,http://digital.lib.uidaho.edu:80/cdm/ref/collection/higgins/id/16,16,image,higgins16.jpg,https://objects.lib.uidaho.edu/higgins/higgins16.jpg,https://objects.lib.uidaho.edu/higgins/small/higgins16_sm.jpg,https://objects.lib.uidaho.edu/higgins/thumbs/higgins16_th.jpg
higgins17,Cart Hub,wheels (components);wood (plant material),"Higgins, Robert, E.",1 May 1993,1993-05-01,The wooden hub on the wheel of a cart received a score of 22 at the Boise Camera Club competition.,Photographic prints,United States--Idaho,Idaho,,"PG 125, Collection on Robert E. Higgins, 1947-1997, University of Idaho Library Special Collections and Archives",https://archiveswest.orbiscascade.org/ark:80444/xv741822?q=Higgins,Robert E. Higgins Collection,University of Idaho Library,Black and White Photograph,image/jpeg,Image;StillImage,higgins_024,2011-02-17,eng,"In copyright, educational use permitted. Educational use includes non-commercial reproduction of text and images in materials for teaching and research purposes. For other contexts beyond fair use, including digital reproduction, please contact the University of Idaho Library Special Collections and Archives Department at libspec@uidaho.edu. The University of Idaho Library is not liable for any violations of the law by users.",http://rightsstatements.org/vocab/InC-EDU/1.0/,Original is archival Tiff. Displayed is a reduced jpg.,http://digital.lib.uidaho.edu:80/cdm/ref/collection/higgins/id/17,17,image,higgins17.jpg,https://objects.lib.uidaho.edu/higgins/higgins17.jpg,https://objects.lib.uidaho.edu/higgins/small/higgins17_sm.jpg,https://objects.lib.uidaho.edu/higgins/thumbs/higgins17_th.jpg
higgins18,Blue Lake,lakes (bodies of water);hills;trees; nature photography,"Higgins, Robert, E.",1 December 1997,1997-12-01,"Receiving a score of 23 by the Boise Camera Club, this image shows an idyllic lake surrounded by hills and trees.",Photographic prints,United States--Idaho,"Cascade, Idaho",Valley County,"PG 125, Collection on Robert E. Higgins, 1947-1997, University of Idaho Library Special Collections and Archives",https://archiveswest.orbiscascade.org/ark:80444/xv741822?q=Higgins,Robert E. Higgins Collection,University of Idaho Library,Color Photograph,image/jpeg,Image;StillImage,higgins_026,2011-02-17,eng,"In copyright, educational use permitted. Educational use includes non-commercial reproduction of text and images in materials for teaching and research purposes. For other contexts beyond fair use, including digital reproduction, please contact the University of Idaho Library Special Collections and Archives Department at libspec@uidaho.edu. The University of Idaho Library is not liable for any violations of the law by users.",http://rightsstatements.org/vocab/InC-EDU/1.0/,Original is archival Tiff. Displayed is a reduced jpg.,http://digital.lib.uidaho.edu:80/cdm/ref/collection/higgins/id/18,18,image,higgins18.jpg,https://objects.lib.uidaho.edu/higgins/higgins18.jpg,https://objects.lib.uidaho.edu/higgins/small/higgins18_sm.jpg,https://objects.lib.uidaho.edu/higgins/thumbs/higgins18_th.jpg
higgins19,Old Thresher,wheels (components);threshers,"Higgins, Robert, E.",1 November 1992,1992-11-01,Contrasting shapes and values highlight wheels on an old thresher. This image received a score of 23 from the Boise Camera Club and was also entered into the Columbia Council of Camera Clubs where it received a score of 43.,Photographic prints,United States--Idaho,Idaho,,"PG 125, Collection on Robert E. Higgins, 1947-1997, University of Idaho Library Special Collections and Archives",https://archiveswest.orbiscascade.org/ark:80444/xv741822?q=Higgins,Robert E. Higgins Collection,University of Idaho Library,Black and White Photograph,image/jpeg,Image;StillImage,higgins_027,2011-02-17,eng,"In copyright, educational use permitted. Educational use includes non-commercial reproduction of text and images in materials for teaching and research purposes. For other contexts beyond fair use, including digital reproduction, please contact the University of Idaho Library Special Collections and Archives Department at libspec@uidaho.edu. The University of Idaho Library is not liable for any violations of the law by users.",http://rightsstatements.org/vocab/InC-EDU/1.0/,Original is archival Tiff. Displayed is a reduced jpg.,http://digital.lib.uidaho.edu:80/cdm/ref/collection/higgins/id/19,19,image,higgins19.jpg,https://objects.lib.uidaho.edu/higgins/higgins19.jpg,https://objects.lib.uidaho.edu/higgins/small/higgins19_sm.jpg,https://objects.lib.uidaho.edu/higgins/thumbs/higgins19_th.jpg
higgins20,Curves and Lines,agricultural equipment,"Higgins, Robert, E.",1 November 1992,1992-11-01,This close up of farming equipment received a score of 20 at the Boise Camera Club competition.,Photographic prints,United States--Idaho,Idaho,,"PG 125, Collection on Robert E. Higgins, 1947-1997, University of Idaho Library Special Collections and Archives",https://archiveswest.orbiscascade.org/ark:80444/xv741822?q=Higgins,Robert E. Higgins Collection,University of Idaho Library,Black and White Photograph,image/jpeg,Image;StillImage,higgins_028,2011-02-17,eng,"In copyright, educational use permitted. Educational use includes non-commercial reproduction of text and images in materials for teaching and research purposes. For other contexts beyond fair use, including digital reproduction, please contact the University of Idaho Library Special Collections and Archives Department at libspec@uidaho.edu. The University of Idaho Library is not liable for any violations of the law by users.",http://rightsstatements.org/vocab/InC-EDU/1.0/,Original is archival Tiff. Displayed is a reduced jpg.,http://digital.lib.uidaho.edu:80/cdm/ref/collection/higgins/id/20,20,image,higgins20.jpg,https://objects.lib.uidaho.edu/higgins/higgins20.jpg,https://objects.lib.uidaho.edu/higgins/small/higgins20_sm.jpg,https://objects.lib.uidaho.edu/higgins/thumbs/higgins20_th.jpg
higgins21,Lamoille Gate,barbed wire fence; cultural landscapes,"Higgins, Robert, E.",1 December 1987,1987-12-01,This close up of a barbed wire fence received a score of 23 at the Boise Camera Club competition.,Photographic prints,United States--Idaho,Idaho,,"PG 125, Collection on Robert E. Higgins, 1947-1997, University of Idaho Library Special Collections and Archives",https://archiveswest.orbiscascade.org/ark:80444/xv741822?q=Higgins,Robert E. Higgins Collection,University of Idaho Library,Black and White Photograph,image/jpeg,Image;StillImage,higgins_029,2011-02-22,eng,"In copyright, educational use permitted. Educational use includes non-commercial reproduction of text and images in materials for teaching and research purposes. For other contexts beyond fair use, including digital reproduction, please contact the University of Idaho Library Special Collections and Archives Department at libspec@uidaho.edu. The University of Idaho Library is not liable for any violations of the law by users.",http://rightsstatements.org/vocab/InC-EDU/1.0/,Original is archival Tiff. Displayed is a reduced jpg.,http://digital.lib.uidaho.edu:80/cdm/ref/collection/higgins/id/21,21,image,higgins21.jpg,https://objects.lib.uidaho.edu/higgins/higgins21.jpg,https://objects.lib.uidaho.edu/higgins/small/higgins21_sm.jpg,https://objects.lib.uidaho.edu/higgins/thumbs/higgins21_th.jpg
higgins22,Winter at Cabarton,winter;rural areas;barns;rail fences; cultural landscapes; agricultural buildings; snow (precipitation),"Higgins, Robert, E.",9 February 1982,1982-02-09,A snowy road leading to an isolated barn. This image was entered into the Boise Camera Club competition and received a score of 27.,Photographic prints,United States--Idaho,"Cabarton, Idaho",Valley County,"PG 125, Collection on Robert E. Higgins, 1947-1997, University of Idaho Library Special Collections and Archives",https://archiveswest.orbiscascade.org/ark:80444/xv741822?q=Higgins,Robert E. Higgins Collection,University of Idaho Library,Black and White Photograph,image/jpeg,Image;StillImage,higgins_003,2011-02-15,eng,"In copyright, educational use permitted. Educational use includes non-commercial reproduction of text and images in materials for teaching and research purposes. For other contexts beyond fair use, including digital reproduction, please contact the University of Idaho Library Special Collections and Archives Department at libspec@uidaho.edu. The University of Idaho Library is not liable for any violations of the law by users.",http://rightsstatements.org/vocab/InC-EDU/1.0/,Original is archival Tiff. Displayed is a reduced jpg.,http://digital.lib.uidaho.edu:80/cdm/ref/collection/higgins/id/22,22,image,higgins22.jpg,https://objects.lib.uidaho.edu/higgins/higgins22.jpg,https://objects.lib.uidaho.edu/higgins/small/higgins22_sm.jpg,https://objects.lib.uidaho.edu/higgins/thumbs/higgins22_th.jpg
higgins23,Barbwire and Frost,barbed wire fence;frost,"Higgins, Robert, E.",1985-1995,1990,Barbed wire covered in frost received a score of 5 at the Idaho International Photographic Exhibit.,Photographic prints,United States--Idaho,Idaho,,"PG 125, Collection on Robert E. Higgins, 1947-1997, University of Idaho Library Special Collections and Archives",https://archiveswest.orbiscascade.org/ark:80444/xv741822?q=Higgins,Robert E. Higgins Collection,University of Idaho Library,Black and White Photograph,image/jpeg,Image;StillImage,higgins_030,2011-02-22,eng,"In copyright, educational use permitted. Educational use includes non-commercial reproduction of text and images in materials for teaching and research purposes. For other contexts beyond fair use, including digital reproduction, please contact the University of Idaho Library Special Collections and Archives Department at libspec@uidaho.edu. The University of Idaho Library is not liable for any violations of the law by users.",http://rightsstatements.org/vocab/InC-EDU/1.0/,Original is archival Tiff. Displayed is a reduced jpg.,http://digital.lib.uidaho.edu:80/cdm/ref/collection/higgins/id/23,23,image,higgins23.jpg,https://objects.lib.uidaho.edu/higgins/higgins23.jpg,https://objects.lib.uidaho.edu/higgins/small/higgins23_sm.jpg,https://objects.lib.uidaho.edu/higgins/thumbs/higgins23_th.jpg
higgins24,Bar Splinter,wood (plant material);locks (securing devices);barnwood,"Higgins, Robert, E.",14 July 1982,1982-07-14,A wooden spike serves as a lock in this image that was entered into the Boise Camera Club competition and received a score of 24.,Photographic prints,United States--Idaho,Idaho,,"PG 125, Collection on Robert E. Higgins, 1947-1997, University of Idaho Library Special Collections and Archives",https://archiveswest.orbiscascade.org/ark:80444/xv741822?q=Higgins,Robert E. Higgins Collection,University of Idaho Library,Black and White Photograph,image/jpeg,Image;StillImage,higgins_031,2011-02-22,eng,"In copyright, educational use permitted. Educational use includes non-commercial reproduction of text and images in materials for teaching and research purposes. For other contexts beyond fair use, including digital reproduction, please contact the University of Idaho Library Special Collections and Archives Department at libspec@uidaho.edu. The University of Idaho Library is not liable for any violations of the law by users.",http://rightsstatements.org/vocab/InC-EDU/1.0/,Original is archival Tiff. Displayed is a reduced jpg.,http://digital.lib.uidaho.edu:80/cdm/ref/collection/higgins/id/24,24,image,higgins24.jpg,https://objects.lib.uidaho.edu/higgins/higgins24.jpg,https://objects.lib.uidaho.edu/higgins/small/higgins24_sm.jpg,https://objects.lib.uidaho.edu/higgins/thumbs/higgins24_th.jpg
higgins25,Barn Latch,wood (plant material);barn-door latches;barnwood,"Higgins, Robert, E.",1 October 1992,1992-10-01,A close up of a barn door latch received a score of 24 at the Boise Camera Club competition.,Photographic prints,United States--Idaho,Idaho,,"PG 125, Collection on Robert E. Higgins, 1947-1997, University of Idaho Library Special Collections and Archives",https://archiveswest.orbiscascade.org/ark:80444/xv741822?q=Higgins,Robert E. Higgins Collection,University of Idaho Library,Black and White Photograph,image/jpeg,Image;StillImage,higgins_032,2011-02-22,eng,"In copyright, educational use permitted. Educational use includes non-commercial reproduction of text and images in materials for teaching and research purposes. For other contexts beyond fair use, including digital reproduction, please contact the University of Idaho Library Special Collections and Archives Department at libspec@uidaho.edu. The University of Idaho Library is not liable for any violations of the law by users.",http://rightsstatements.org/vocab/InC-EDU/1.0/,Original is archival Tiff. Displayed is a reduced jpg.,http://digital.lib.uidaho.edu:80/cdm/ref/collection/higgins/id/25,25,image,higgins25.jpg,https://objects.lib.uidaho.edu/higgins/higgins25.jpg,https://objects.lib.uidaho.edu/higgins/small/higgins25_sm.jpg,https://objects.lib.uidaho.edu/higgins/thumbs/higgins25_th.jpg
higgins26,Horseshoe Bend,railroad stations;rails (transit system elements);hills; cultural landscapes,"Higgins, Robert, E.",1985-1995,1990,Railroad tracks lead to an isolated station at Horseshoe Bend. This image was entered into the International Club Print Competition and received a score of 18.,Photographic prints,United States--Idaho,"Horseshoe Bend, Idaho",Boise County,"PG 125, Collection on Robert E. Higgins, 1947-1997, University of Idaho Library Special Collections and Archives",https://archiveswest.orbiscascade.org/ark:80444/xv741822?q=Higgins,Robert E. Higgins Collection,University of Idaho Library,Black and White Photograph,image/jpeg,Image;StillImage,higgins_033,2011-02-22,eng,"In copyright, educational use permitted. Educational use includes non-commercial reproduction of text and images in materials for teaching and research purposes. For other contexts beyond fair use, including digital reproduction, please contact the University of Idaho Library Special Collections and Archives Department at libspec@uidaho.edu. The University of Idaho Library is not liable for any violations of the law by users.",http://rightsstatements.org/vocab/InC-EDU/1.0/,Original is archival Tiff. Displayed is a reduced jpg.,http://digital.lib.uidaho.edu:80/cdm/ref/collection/higgins/id/26,26,image,higgins26.jpg,https://objects.lib.uidaho.edu/higgins/higgins26.jpg,https://objects.lib.uidaho.edu/higgins/small/higgins26_sm.jpg,https://objects.lib.uidaho.edu/higgins/thumbs/higgins26_th.jpg
higgins27,Swan Falls,lakes (bodies of water);hills;trees;floating buildings; cultural landscapes,"Higgins, Robert, E.",1 March 1994,1994-03-01,This image of floating trailers on a lake surrounded by hills and trees was entered into the Boise Camera Club and received a score of 23.,Photographic prints,United States--Idaho,"Swan Falls Dam, Idaho",Ada County,"PG 125, Collection on Robert E. Higgins, 1947-1997, University of Idaho Library Special Collections and Archives",https://archiveswest.orbiscascade.org/ark:80444/xv741822?q=Higgins,Robert E. Higgins Collection,University of Idaho Library,Black and White Photograph,image/jpeg,Image;StillImage,higgins_034,2011-02-22,eng,"In copyright, educational use permitted. Educational use includes non-commercial reproduction of text and images in materials for teaching and research purposes. For other contexts beyond fair use, including digital reproduction, please contact the University of Idaho Library Special Collections and Archives Department at libspec@uidaho.edu. The University of Idaho Library is not liable for any violations of the law by users.",http://rightsstatements.org/vocab/InC-EDU/1.0/,Original is archival Tiff. Displayed is a reduced jpg.,http://digital.lib.uidaho.edu:80/cdm/ref/collection/higgins/id/27,27,image,higgins27.jpg,https://objects.lib.uidaho.edu/higgins/higgins27.jpg,https://objects.lib.uidaho.edu/higgins/small/higgins27_sm.jpg,https://objects.lib.uidaho.edu/higgins/thumbs/higgins27_th.jpg
higgins28,Hill City Elevator,"grain elevators;clouds; agricultural buildings, cultural landscapes","Higgins, Robert, E.",9 November 1993,1993-11-09,Grain elevators framed by imposing clouds received score of 30 at the International Club Print Competition. This image was also entered into Boise Camera Club and received a score of 24.,Photographic prints,United States--Idaho,"Hill City, Idaho",Camas County,"PG 125, Collection on Robert E. Higgins, 1947-1997, University of Idaho Library Special Collections and Archives",https://archiveswest.orbiscascade.org/ark:80444/xv741822?q=Higgins,Robert E. Higgins Collection,University of Idaho Library,Black and White Photograph,image/jpeg,Image;StillImage,higgins_035,2011-02-22,eng,"In copyright, educational use permitted. Educational use includes non-commercial reproduction of text and images in materials for teaching and research purposes. For other contexts beyond fair use, including digital reproduction, please contact the University of Idaho Library Special Collections and Archives Department at libspec@uidaho.edu. The University of Idaho Library is not liable for any violations of the law by users.",http://rightsstatements.org/vocab/InC-EDU/1.0/,Original is archival Tiff. Displayed is a reduced jpg.,http://digital.lib.uidaho.edu:80/cdm/ref/collection/higgins/id/28,28,image,higgins28.jpg,https://objects.lib.uidaho.edu/higgins/higgins28.jpg,https://objects.lib.uidaho.edu/higgins/small/higgins28_sm.jpg,https://objects.lib.uidaho.edu/higgins/thumbs/higgins28_th.jpg
higgins29,Yellowstone Devastation,fire damage;clouds; nature photography; historical parks; national parks,"Higgins, Robert, E.",9 October 1990,1990-10-09,"A stark reminder of forest fires, this image of burned trees at Yellowstone National Park was entered into Boise Camera Club and received a score 20.",Photographic prints,United States--Idaho,"Yellowstone National Park, Idaho",Fremont County,"PG 125, Collection on Robert E. Higgins, 1947-1997, University of Idaho Library Special Collections and Archives",https://archiveswest.orbiscascade.org/ark:80444/xv741822?q=Higgins,Robert E. Higgins Collection,University of Idaho Library,Black and White Photograph,image/jpeg,Image;StillImage,higgins_036,2011-02-22,eng,"In copyright, educational use permitted. Educational use includes non-commercial reproduction of text and images in materials for teaching and research purposes. For other contexts beyond fair use, including digital reproduction, please contact the University of Idaho Library Special Collections and Archives Department at libspec@uidaho.edu. The University of Idaho Library is not liable for any violations of the law by users.",http://rightsstatements.org/vocab/InC-EDU/1.0/,Original is archival Tiff. Displayed is a reduced jpg.,http://digital.lib.uidaho.edu:80/cdm/ref/collection/higgins/id/29,29,image,higgins29.jpg,https://objects.lib.uidaho.edu/higgins/higgins29.jpg,https://objects.lib.uidaho.edu/higgins/small/higgins29_sm.jpg,https://objects.lib.uidaho.edu/higgins/thumbs/higgins29_th.jpg
higgins30,Arrowrock,dams (hydraulic structures);spillways; cultural landscapes,"Higgins, Robert, E.",13 December 1983,1983-12-13,Water gushing out of Arrowrock Dam received a score of 20 at the Boise Camera Club competition.,Photographic prints,United States--Idaho,"Arrowrock Dam, Boise, Idaho",Ada County; Boise County,"PG 125, Collection on Robert E. Higgins, 1947-1997, University of Idaho Library Special Collections and Archives",https://archiveswest.orbiscascade.org/ark:80444/xv741822?q=Higgins,Robert E. Higgins Collection,University of Idaho Library,Black and White Photograph,image/jpeg,Image;StillImage,higgins_037,2011-02-24,eng,"In copyright, educational use permitted. Educational use includes non-commercial reproduction of text and images in materials for teaching and research purposes. For other contexts beyond fair use, including digital reproduction, please contact the University of Idaho Library Special Collections and Archives Department at libspec@uidaho.edu. The University of Idaho Library is not liable for any violations of the law by users.",http://rightsstatements.org/vocab/InC-EDU/1.0/,Original is archival Tiff. Displayed is a reduced jpg.,http://digital.lib.uidaho.edu:80/cdm/ref/collection/higgins/id/30,30,image,higgins30.jpg,https://objects.lib.uidaho.edu/higgins/higgins30.jpg,https://objects.lib.uidaho.edu/higgins/small/higgins30_sm.jpg,https://objects.lib.uidaho.edu/higgins/thumbs/higgins30_th.jpg
higgins31,Fisher Creek Cabin,abandoned dwellings;barnboard;siding (material);wood (plant material);trees;deterioration;dirt roads; cultural landscapes; mountain range,"Higgins, Robert, E.",1 April 1995,1995-04-01,"A dilapidated, abandoned cabin entered into the Boise Camera Club and received a score of 24 competition. It sits near a treeline with mountains in the background.",Photographic prints,United States--Idaho,Idaho,,"PG 125, Collection on Robert E. Higgins, 1947-1997, University of Idaho Library Special Collections and Archives",https://archiveswest.orbiscascade.org/ark:80444/xv741822?q=Higgins,Robert E. Higgins Collection,University of Idaho Library,Black and White Photograph,image/jpeg,Image;StillImage,higgins_038,2011-02-24,eng,"In copyright, educational use permitted. Educational use includes non-commercial reproduction of text and images in materials for teaching and research purposes. For other contexts beyond fair use, including digital reproduction, please contact the University of Idaho Library Special Collections and Archives Department at libspec@uidaho.edu. The University of Idaho Library is not liable for any violations of the law by users.",http://rightsstatements.org/vocab/InC-EDU/1.0/,Original is archival Tiff. Displayed is a reduced jpg.,http://digital.lib.uidaho.edu:80/cdm/ref/collection/higgins/id/31,31,image,higgins31.jpg,https://objects.lib.uidaho.edu/higgins/higgins31.jpg,https://objects.lib.uidaho.edu/higgins/small/higgins31_sm.jpg,https://objects.lib.uidaho.edu/higgins/thumbs/higgins31_th.jpg
higgins32,Little Willow,abandoned buildings;barnboard;siding (material);wood (plant material);trees;deterioration;rail fences;trees; cultural landscapes,"Higgins, Robert, E.",8 February 1994,1994-02-08,Dilapidated buildings on a ranch received a score of 22 at the Boise Camera Club competition.,Photographic prints,United States--Idaho,Idaho,,"PG 125, Collection on Robert E. Higgins, 1947-1997, University of Idaho Library Special Collections and Archives",https://archiveswest.orbiscascade.org/ark:80444/xv741822?q=Higgins,Robert E. Higgins Collection,University of Idaho Library,Color Photograph,image/jpeg,Image;StillImage,higgins_039,2011-02-24,eng,"In copyright, educational use permitted. Educational use includes non-commercial reproduction of text and images in materials for teaching and research purposes. For other contexts beyond fair use, including digital reproduction, please contact the University of Idaho Library Special Collections and Archives Department at libspec@uidaho.edu. The University of Idaho Library is not liable for any violations of the law by users.",http://rightsstatements.org/vocab/InC-EDU/1.0/,Original is archival Tiff. Displayed is a reduced jpg.,http://digital.lib.uidaho.edu:80/cdm/ref/collection/higgins/id/32,32,image,higgins32.jpg,https://objects.lib.uidaho.edu/higgins/higgins32.jpg,https://objects.lib.uidaho.edu/higgins/small/higgins32_sm.jpg,https://objects.lib.uidaho.edu/higgins/thumbs/higgins32_th.jpg
higgins33,Emmett Farm,barns;creeks (bodies of water);trees; cultural landscapes,"Higgins, Robert, E.",8 February 1983,1983-02-08,A creek leads up to a red barn hidden behind trees in this image.,Photographic prints,United States--Idaho,"Emmett, Idaho",Gem County,"PG 125, Collection on Robert E. Higgins, 1947-1997, University of Idaho Library Special Collections and Archives",https://archiveswest.orbiscascade.org/ark:80444/xv741822?q=Higgins,Robert E. Higgins Collection,University of Idaho Library,Color Photograph,image/jpeg,Image;StillImage,higgins_004,2011-02-15,eng,"In copyright, educational use permitted. Educational use includes non-commercial reproduction of text and images in materials for teaching and research purposes. For other contexts beyond fair use, including digital reproduction, please contact the University of Idaho Library Special Collections and Archives Department at libspec@uidaho.edu. The University of Idaho Library is not liable for any violations of the law by users.",http://rightsstatements.org/vocab/InC-EDU/1.0/,Original is archival Tiff. Displayed is a reduced jpg.,http://digital.lib.uidaho.edu:80/cdm/ref/collection/higgins/id/33,33,image,higgins33.jpg,https://objects.lib.uidaho.edu/higgins/higgins33.jpg,https://objects.lib.uidaho.edu/higgins/small/higgins33_sm.jpg,https://objects.lib.uidaho.edu/higgins/thumbs/higgins33_th.jpg
higgins34,Willow Creek Ranch,abandoned buildings;barnboard;siding (material);wood (plant material);trees;deterioration;rail fences;trees; cultural landscapes,"Higgins, Robert, E.",1 December 1987,1987-12-01,Dilapidated buildings on a ranch received a score of 24 at the Boise Camera Club competition.,Photographic prints,United States--Idaho,Idaho,,"PG 125, Collection on Robert E. Higgins, 1947-1997, University of Idaho Library Special Collections and Archives",https://archiveswest.orbiscascade.org/ark:80444/xv741822?q=Higgins,Robert E. Higgins Collection,University of Idaho Library,Color Photograph,image/jpeg,Image;StillImage,higgins_040,2011-02-24,eng,"In copyright, educational use permitted. Educational use includes non-commercial reproduction of text and images in materials for teaching and research purposes. For other contexts beyond fair use, including digital reproduction, please contact the University of Idaho Library Special Collections and Archives Department at libspec@uidaho.edu. The University of Idaho Library is not liable for any violations of the law by users.",http://rightsstatements.org/vocab/InC-EDU/1.0/,Original is archival Tiff. Displayed is a reduced jpg.,http://digital.lib.uidaho.edu:80/cdm/ref/collection/higgins/id/34,34,image,higgins34.jpg,https://objects.lib.uidaho.edu/higgins/higgins34.jpg,https://objects.lib.uidaho.edu/higgins/small/higgins34_sm.jpg,https://objects.lib.uidaho.edu/higgins/thumbs/higgins34_th.jpg
higgins35,Upper Mesa Falls 2,waterfalls (natural bodies of water);rivers;rocks (landforms);rainbows; nature photography,"Higgins, Robert, E.",14 February 1984,1984-02-14,A rainbow can be seen in the mist produced by a waterfall in this image that received a score of 24 at the Boise Camera Club competition.,Photographic prints,United States--Idaho,"Upper Mesa Falls, Idaho",Fremont County,"PG 125, Collection on Robert E. Higgins, 1947-1997, University of Idaho Library Special Collections and Archives",https://archiveswest.orbiscascade.org/ark:80444/xv741822?q=Higgins,Robert E. Higgins Collection,University of Idaho Library,Color Photograph,image/jpeg,Image;StillImage,higgins_041,2011-02-24,eng,"In copyright, educational use permitted. Educational use includes non-commercial reproduction of text and images in materials for teaching and research purposes. For other contexts beyond fair use, including digital reproduction, please contact the University of Idaho Library Special Collections and Archives Department at libspec@uidaho.edu. The University of Idaho Library is not liable for any violations of the law by users.",http://rightsstatements.org/vocab/InC-EDU/1.0/,Original is archival Tiff. Displayed is a reduced jpg.,http://digital.lib.uidaho.edu:80/cdm/ref/collection/higgins/id/35,35,image,higgins35.jpg,https://objects.lib.uidaho.edu/higgins/higgins35.jpg,https://objects.lib.uidaho.edu/higgins/small/higgins35_sm.jpg,https://objects.lib.uidaho.edu/higgins/thumbs/higgins35_th.jpg
higgins36,Hagerman Cone,winter;ice (water by form); nature photography,"Higgins, Robert, E.",13 August 1985,1985-08-13,Ice formed into the shape of a cone received a score of 21 at the Boise Camera Club competition.,Photographic prints,United States--Idaho,"Hagerman, Idaho",Gooding County,"PG 125, Collection on Robert E. Higgins, 1947-1997, University of Idaho Library Special Collections and Archives",https://archiveswest.orbiscascade.org/ark:80444/xv741822?q=Higgins,Robert E. Higgins Collection,University of Idaho Library,Black and White Photograph,image/jpeg,Image;StillImage,higgins_042,2011-02-24,eng,"In copyright, educational use permitted. Educational use includes non-commercial reproduction of text and images in materials for teaching and research purposes. For other contexts beyond fair use, including digital reproduction, please contact the University of Idaho Library Special Collections and Archives Department at libspec@uidaho.edu. The University of Idaho Library is not liable for any violations of the law by users.",http://rightsstatements.org/vocab/InC-EDU/1.0/,Original is archival Tiff. Displayed is a reduced jpg.,http://digital.lib.uidaho.edu:80/cdm/ref/collection/higgins/id/36,36,image,higgins36.jpg,https://objects.lib.uidaho.edu/higgins/higgins36.jpg,https://objects.lib.uidaho.edu/higgins/small/higgins36_sm.jpg,https://objects.lib.uidaho.edu/higgins/thumbs/higgins36_th.jpg
higgins37,Old Time Thoughts,churches (buildings);dirt roads;trees;hills;paths,"Higgins, Robert, E.",12 June 1984,1984-06-12,A dirt path amongst trees leads uphill to a church in this image that received a score of 22 at a Boise Camera Club competition.,Photographic prints,United States--Idaho,Idaho,,"PG 125, Collection on Robert E. Higgins, 1947-1997, University of Idaho Library Special Collections and Archives",https://archiveswest.orbiscascade.org/ark:80444/xv741822?q=Higgins,Robert E. Higgins Collection,University of Idaho Library,Color Photograph,image/jpeg,Image;StillImage,higgins_005,2011-02-15,eng,"In copyright, educational use permitted. Educational use includes non-commercial reproduction of text and images in materials for teaching and research purposes. For other contexts beyond fair use, including digital reproduction, please contact the University of Idaho Library Special Collections and Archives Department at libspec@uidaho.edu. The University of Idaho Library is not liable for any violations of the law by users.",http://rightsstatements.org/vocab/InC-EDU/1.0/,Original is archival Tiff. Displayed is a reduced jpg.,http://digital.lib.uidaho.edu:80/cdm/ref/collection/higgins/id/37,37,image,higgins37.jpg,https://objects.lib.uidaho.edu/higgins/higgins37.jpg,https://objects.lib.uidaho.edu/higgins/small/higgins37_sm.jpg,https://objects.lib.uidaho.edu/higgins/thumbs/higgins37_th.jpg
higgins38,Yellowstone,waterfalls (natural bodies of water);rivers;hills;trees; nature photography; national parks; historic parks,"Higgins, Robert, E.",8 May 1984,1984-05-08,An iconic view of mist rising from a waterfall and river flowing through the canyon at Yellowstone National Park received a score of 25 at an International Club Print Competition.,Photographic prints,United States--Wyoming--Yellowstone,"Yellowstone National Park, Wyoming",,"PG 125, Collection on Robert E. Higgins, 1947-1997, University of Idaho Library Special Collections and Archives",https://archiveswest.orbiscascade.org/ark:80444/xv741822?q=Higgins,Robert E. Higgins Collection,University of Idaho Library,Color Photograph,image/jpeg,Image;StillImage,higgins_006,2011-02-15,eng,"In copyright, educational use permitted. Educational use includes non-commercial reproduction of text and images in materials for teaching and research purposes. For other contexts beyond fair use, including digital reproduction, please contact the University of Idaho Library Special Collections and Archives Department at libspec@uidaho.edu. The University of Idaho Library is not liable for any violations of the law by users.",http://rightsstatements.org/vocab/InC-EDU/1.0/,Original is archival Tiff. Displayed is a reduced jpg.,http://digital.lib.uidaho.edu:80/cdm/ref/collection/higgins/id/38,38,image,higgins38.jpg,https://objects.lib.uidaho.edu/higgins/higgins38.jpg,https://objects.lib.uidaho.edu/higgins/small/higgins38_sm.jpg,https://objects.lib.uidaho.edu/higgins/thumbs/higgins38_th.jpg
higgins39,River Bottom Texture,winter;rivers;river beds,"Higgins, Robert, E.",10 January 1987,1987-01-10,Snow covering a rocky river bed received a score of 21 at the Boise Camera Club competition.,Photographic prints,United States--Idaho,Idaho,,"PG 125, Collection on Robert E. Higgins, 1947-1997, University of Idaho Library Special Collections and Archives",https://archiveswest.orbiscascade.org/ark:80444/xv741822?q=Higgins,Robert E. Higgins Collection,University of Idaho Library,Black and White Photograph,image/jpeg,Image;StillImage,higgins_007,2011-02-15,eng,"In copyright, educational use permitted. Educational use includes non-commercial reproduction of text and images in materials for teaching and research purposes. For other contexts beyond fair use, including digital reproduction, please contact the University of Idaho Library Special Collections and Archives Department at libspec@uidaho.edu. The University of Idaho Library is not liable for any violations of the law by users.",http://rightsstatements.org/vocab/InC-EDU/1.0/,Original is archival Tiff. Displayed is a reduced jpg.,http://digital.lib.uidaho.edu:80/cdm/ref/collection/higgins/id/39,39,image,higgins39.jpg,https://objects.lib.uidaho.edu/higgins/higgins39.jpg,https://objects.lib.uidaho.edu/higgins/small/higgins39_sm.jpg,https://objects.lib.uidaho.edu/higgins/thumbs/higgins39_th.jpg
higgins40,Foggy Bottom (Remake),creeks (bodies of water;trees;winter; snow (precipitation); nature photography,"Higgins, Robert, E.",13 July 1996,1996-07-13,A creek flowing through a snowy wooded landscape received a score of 25 at the Boise Camera Club competition.,Photographic prints,United States--Idaho,Idaho,,"PG 125, Collection on Robert E. Higgins, 1947-1997, University of Idaho Library Special Collections and Archives",https://archiveswest.orbiscascade.org/ark:80444/xv741822?q=Higgins,Robert E. Higgins Collection,University of Idaho Library,Black and White Photograph,image/jpeg,Image;StillImage,higgins_008,2011-02-15,eng,"In copyright, educational use permitted. Educational use includes non-commercial reproduction of text and images in materials for teaching and research purposes. For other contexts beyond fair use, including digital reproduction, please contact the University of Idaho Library Special Collections and Archives Department at libspec@uidaho.edu. The University of Idaho Library is not liable for any violations of the law by users.",http://rightsstatements.org/vocab/InC-EDU/1.0/,Original is archival Tiff. Displayed is a reduced jpg.,http://digital.lib.uidaho.edu:80/cdm/ref/collection/higgins/id/40,40,image,higgins40.jpg,https://objects.lib.uidaho.edu/higgins/higgins40.jpg,https://objects.lib.uidaho.edu/higgins/small/higgins40_sm.jpg,https://objects.lib.uidaho.edu/higgins/thumbs/higgins40_th.jpg
higgins41,Sculpture,winter;ice (water by form); nature photography,"Higgins, Robert, E.",13 August 1985,1985-08-13,Icicles clustered together to form a massive sculpture  received a score of 24 at the Boise Camera Club competition.,Photographic prints,United States--Idaho,Idaho,,"PG 125, Collection on Robert E. Higgins, 1947-1997, University of Idaho Library Special Collections and Archives",https://archiveswest.orbiscascade.org/ark:80444/xv741822?q=Higgins,Robert E. Higgins Collection,University of Idaho Library,Black and White Photograph,image/jpeg,Image;StillImage,higgins_009,2011-02-15,eng,"In copyright, educational use permitted. Educational use includes non-commercial reproduction of text and images in materials for teaching and research purposes. For other contexts beyond fair use, including digital reproduction, please contact the University of Idaho Library Special Collections and Archives Department at libspec@uidaho.edu. The University of Idaho Library is not liable for any violations of the law by users.",http://rightsstatements.org/vocab/InC-EDU/1.0/,Original is archival Tiff. Displayed is a reduced jpg.,http://digital.lib.uidaho.edu:80/cdm/ref/collection/higgins/id/41,41,image,higgins41.jpg,https://objects.lib.uidaho.edu/higgins/higgins41.jpg,https://objects.lib.uidaho.edu/higgins/small/higgins41_sm.jpg,https://objects.lib.uidaho.edu/higgins/thumbs/higgins41_th.jpg