objectid,title,creator,creator_location,latitude,longitude,date,recipient,recipient_location,recipient_latitude,recipient_longitude,description,subject,source,identifier,type,format,language,rights,rightsstatement,display_template,filename,object_location,image_small,image_thumb,image_alt_text,object_transcript
mosher001,"Raycide Mosher to Henry ""Harry"" and Sarah ""Sally"" Mosher, 1864-01-15","Mosher, Raycide","Detroit, Michigan",42.33416366,-83.04867331,1864-01-15,"Mosher, Henry; Mosher, Sarah","Albion, Michigan",42.24352561,-84.75285749,"Letter from Raycide Mosher to his father, Henry ""Harry"" Mosher, and mother, Sarah ""Sally"" Mosher; includes description of the Detroit-area barracks where Raycide was staying, his equipment, his pay, and when he expected to be mustered.",soldiers; civil wars; barracks,"MG 118, Raycide Mosher Civil War Letters, Special Collections and Archives, University of Idaho Library",mg118_folder1_01-15-1864,Text,application/pdf,eng,"Material has likely passed into public domain. Digital reproductions are made available by University of Idaho Library for educational purposes, and future use should acknowledge this repository. For more information, please contact University of Idaho Library Special Collections and Archives Department at libspec@uidaho.edu. The University of Idaho Library is not liable for any violations of the law by users",http://rightsstatements.org/vocab/NoC-US/1.0/,pdf,mg118_folder1_01-15-1864.pdf,https://objects.lib.uidaho.edu/mosher/mg118_folder1_01-15-1864.pdf,https://objects.lib.uidaho.edu/mosher/small/mg118_folder1_01-15-1864_sm.jpg,https://objects.lib.uidaho.edu/mosher/thumbs/mg118_folder1_01-15-1864_th.jpg,,/objects/mosher001.md
mosher002,"Raycide Mosher to Henry ""Harry"" and Sarah ""Sally"" Mosher, 1864-01-31","Mosher, Raycide","Nashville, Tennessee",36.1640177,-86.78380903,1864-01-31,"Mosher, Henry; Mosher, Sarah","Albion, Michigan",42.24352561,-84.75285749,"Letter from Raycide Mosher to his father, Henry ""Harry"" Mosher, and mother, Sarah ""Sally"" Mosher; includes description of Raycide's experiences in his camp near Nashville, his health, and the companies in his regiment.",soldiers; civil wars; military camps,"MG 118, Raycide Mosher Civil War Letters, Special Collections and Archives, University of Idaho Library",mg118_folder2_01-31-1864,Text,application/pdf,eng,"Material has likely passed into public domain. Digital reproductions are made available by University of Idaho Library for educational purposes, and future use should acknowledge this repository. For more information, please contact University of Idaho Library Special Collections and Archives Department at libspec@uidaho.edu. The University of Idaho Library is not liable for any violations of the law by users",http://rightsstatements.org/vocab/NoC-US/1.0/,pdf,mg118_folder2_01-31-1864.pdf,https://objects.lib.uidaho.edu/mosher/mg118_folder2_01-31-1864.pdf,https://objects.lib.uidaho.edu/mosher/small/mg118_folder2_01-31-1864_sm.jpg,https://objects.lib.uidaho.edu/mosher/thumbs/mg118_folder2_01-31-1864_th.jpg,,/objects/mosher002.md
mosher003,"Raycide Mosher to Mosher family, 1864-02-15","Mosher, Raycide","Nashville, Tennessee",36.1640177,-86.78380903,1864-02-15,Mosher family,"Albion, Michigan",42.24352561,-84.75285749,"Letter from Raycide Mosher to his family; includes description of the acvities of Raycide's regiment, the landscape of Tennessee, and the food available in his camp near Nashville.",soldiers; civil wars; military camps,"MG 118, Raycide Mosher Civil War Letters, Special Collections and Archives, University of Idaho Library",mg118_folder3_02-15-1864,Text,application/pdf,eng,"Material has likely passed into public domain. Digital reproductions are made available by University of Idaho Library for educational purposes, and future use should acknowledge this repository. For more information, please contact University of Idaho Library Special Collections and Archives Department at libspec@uidaho.edu. The University of Idaho Library is not liable for any violations of the law by users",http://rightsstatements.org/vocab/NoC-US/1.0/,pdf,mg118_folder3_02-15-1864.pdf,https://objects.lib.uidaho.edu/mosher/mg118_folder3_02-15-1864.pdf,https://objects.lib.uidaho.edu/mosher/small/mg118_folder3_02-15-1864_sm.jpg,https://objects.lib.uidaho.edu/mosher/thumbs/mg118_folder3_02-15-1864_th.jpg,,/objects/mosher003.md
mosher004,"Raycide Mosher to Henry ""Harry"" and Sarah ""Sally"" Mosher, 1864-02-20","Mosher, Raycide","Nashville, Tennessee",36.1640177,-86.78380903,1864-02-20,"Mosher, Henry; Mosher, Sarah","Albion, Michigan",42.24352561,-84.75285749,"Letter from Raycide Mosher to his father, Henry ""Harry"" Mosher, and mother, Sarah ""Sally"" Mosher; includes description of Raycide's ill health, the landscape of Tennessee, the work of his regiment, and the food available in his camp near Nashville.",soldiers; civil wars; illness,"MG 118, Raycide Mosher Civil War Letters, Special Collections and Archives, University of Idaho Library",mg118_folder4_02-20-1864,Text,application/pdf,eng,"Material has likely passed into public domain. Digital reproductions are made available by University of Idaho Library for educational purposes, and future use should acknowledge this repository. For more information, please contact University of Idaho Library Special Collections and Archives Department at libspec@uidaho.edu. The University of Idaho Library is not liable for any violations of the law by users",http://rightsstatements.org/vocab/NoC-US/1.0/,pdf,mg118_folder4_02-20-1864.pdf,https://objects.lib.uidaho.edu/mosher/mg118_folder4_02-20-1864.pdf,https://objects.lib.uidaho.edu/mosher/small/mg118_folder4_02-20-1864_sm.jpg,https://objects.lib.uidaho.edu/mosher/thumbs/mg118_folder4_02-20-1864_th.jpg,,/objects/mosher004.md
mosher005,"Raycide Mosher to Henry ""Harry"" and Sarah ""Sally"" Mosher, 1864-02-22","Mosher, Raycide","Nashville, Tennessee",36.1640177,-86.78380903,1864-02-22,"Mosher, Henry; Mosher, Sarah","Albion, Michigan",42.24352561,-84.75285749,"Letter from Raycide Mosher to his father, Henry ""Harry"" Mosher, and mother, Sarah ""Sally"" Mosher; includes description of Raycide's ill health, the possibility of his unit moving to Bridgeport, his family's debts, and his clothing.",soldiers; civil wars; illness,"MG 118, Raycide Mosher Civil War Letters, Special Collections and Archives, University of Idaho Library",mg118_folder5_02-22-1864,Text,application/pdf,eng,"Material has likely passed into public domain. Digital reproductions are made available by University of Idaho Library for educational purposes, and future use should acknowledge this repository. For more information, please contact University of Idaho Library Special Collections and Archives Department at libspec@uidaho.edu. The University of Idaho Library is not liable for any violations of the law by users",http://rightsstatements.org/vocab/NoC-US/1.0/,pdf,mg118_folder5_02-22-1864.pdf,https://objects.lib.uidaho.edu/mosher/mg118_folder5_02-22-1864.pdf,https://objects.lib.uidaho.edu/mosher/small/mg118_folder5_02-22-1864_sm.jpg,https://objects.lib.uidaho.edu/mosher/thumbs/mg118_folder5_02-22-1864_th.jpg,,/objects/mosher005.md
mosher006,"Raycide Mosher to Henry ""Harry"" and Sarah ""Sally"" Mosher, 1864-03-29","Mosher, Raycide","Nashville, Tennessee",36.1640177,-86.78380903,1864-03-29,"Mosher, Henry; Mosher, Sarah","Albion, Michigan",42.24352561,-84.75285749,"Letter from Raycide Mosher to his father, Henry ""Harry"" Mosher, and mother, Sarah ""Sally"" Mosher; includes description of Raycide's experience being hospitalized in Nashville, Confederate destruction of railroads, his family's debts, and food.",soldiers; civil wars; illness,"MG 118, Raycide Mosher Civil War Letters, Special Collections and Archives, University of Idaho Library",mg118_folder6_03-29-1864,Text,application/pdf,eng,"Material has likely passed into public domain. Digital reproductions are made available by University of Idaho Library for educational purposes, and future use should acknowledge this repository. For more information, please contact University of Idaho Library Special Collections and Archives Department at libspec@uidaho.edu. The University of Idaho Library is not liable for any violations of the law by users",http://rightsstatements.org/vocab/NoC-US/1.0/,pdf,mg118_folder6_03-29-1864.pdf,https://objects.lib.uidaho.edu/mosher/mg118_folder6_03-29-1864.pdf,https://objects.lib.uidaho.edu/mosher/small/mg118_folder6_03-29-1864_sm.jpg,https://objects.lib.uidaho.edu/mosher/thumbs/mg118_folder6_03-29-1864_th.jpg,,/objects/mosher006.md
mosher007,"Raycide Mosher to Mosher family, 1864-03-29","Mosher, Raycide","Nashville, Tennessee",36.1640177,-86.78380903,1864-03-29,Mosher family,"Albion, Michigan",42.24352561,-84.75285749,"Letter from Raycide Mosher to his family; includes description of Raycide's health, activities around the hospital in Nashville, news on the Confederate war effort, and developments in the family.",soldiers; civil wars; military hospitals,"MG 118, Raycide Mosher Civil War Letters, Special Collections and Archives, University of Idaho Library",mg118_folder7_03-29-1864,Text,application/pdf,eng,"Material has likely passed into public domain. Digital reproductions are made available by University of Idaho Library for educational purposes, and future use should acknowledge this repository. For more information, please contact University of Idaho Library Special Collections and Archives Department at libspec@uidaho.edu. The University of Idaho Library is not liable for any violations of the law by users",http://rightsstatements.org/vocab/NoC-US/1.0/,pdf,mg118_folder7_03-29-1864.pdf,https://objects.lib.uidaho.edu/mosher/mg118_folder7_03-29-1864.pdf,https://objects.lib.uidaho.edu/mosher/small/mg118_folder7_03-29-1864_sm.jpg,https://objects.lib.uidaho.edu/mosher/thumbs/mg118_folder7_03-29-1864_th.jpg,,/objects/mosher007.md
mosher008,"Raycide Mosher to Henry ""Harry"" and Sarah ""Sally"" Mosher, 1864-04-17","Mosher, Raycide","Nashville, Tennessee",36.1640177,-86.78380903,1864-04-17,"Mosher, Henry; Mosher, Sarah","Albion, Michigan",42.24352561,-84.75285749,"Letter from Raycide Mosher to his father, Henry ""Harry"" Mosher, and mother, Sarah ""Sally"" Mosher; includes description of Raycide's activities around the hospital in Nashville, food, clothing, and his pay.",soldiers; civil wars; military hospitals,"MG 118, Raycide Mosher Civil War Letters, Special Collections and Archives, University of Idaho Library",mg118_folder8_04-17-1864,Text,application/pdf,eng,"Material has likely passed into public domain. Digital reproductions are made available by University of Idaho Library for educational purposes, and future use should acknowledge this repository. For more information, please contact University of Idaho Library Special Collections and Archives Department at libspec@uidaho.edu. The University of Idaho Library is not liable for any violations of the law by users",http://rightsstatements.org/vocab/NoC-US/1.0/,pdf,mg118_folder8_04-17-1864.pdf,https://objects.lib.uidaho.edu/mosher/mg118_folder8_04-17-1864.pdf,https://objects.lib.uidaho.edu/mosher/small/mg118_folder8_04-17-1864_sm.jpg,https://objects.lib.uidaho.edu/mosher/thumbs/mg118_folder8_04-17-1864_th.jpg,,/objects/mosher008.md
mosher009,"Raycide Mosher to Henry ""Harry"" and Sarah ""Sally"" Mosher, 1864-04-24","Mosher, Raycide",,,,1864-04-24,"Mosher, Henry; Mosher, Sarah","Albion, Michigan",42.24352561,-84.75285749,"Letter from Raycide Mosher to his father, Henry ""Harry"" Mosher, and mother, Sarah ""Sally"" Mosher; includes description of Raycide's ill health, clothing he sent home, and food and medicine he wanted his family to send to him.",soldiers; civil wars; illness,"MG 118, Raycide Mosher Civil War Letters, Special Collections and Archives, University of Idaho Library",mg118_folder9_04-24-1864,Text,application/pdf,eng,"Material has likely passed into public domain. Digital reproductions are made available by University of Idaho Library for educational purposes, and future use should acknowledge this repository. For more information, please contact University of Idaho Library Special Collections and Archives Department at libspec@uidaho.edu. The University of Idaho Library is not liable for any violations of the law by users",http://rightsstatements.org/vocab/NoC-US/1.0/,pdf,mg118_folder9_04-24-1864.pdf,https://objects.lib.uidaho.edu/mosher/mg118_folder9_04-24-1864.pdf,https://objects.lib.uidaho.edu/mosher/small/mg118_folder9_04-24-1864_sm.jpg,https://objects.lib.uidaho.edu/mosher/thumbs/mg118_folder9_04-24-1864_th.jpg,,/objects/mosher009.md
mosher010,"Raycide Mosher to Henry ""Harry"" and Sarah ""Sally"" Mosher, 1864-04-26","Mosher, Raycide",,,,1864-04-26,"Mosher, Henry; Mosher, Sarah","Albion, Michigan",42.24352561,-84.75285749,"Letter from Raycide Mosher to his father, Henry ""Harry"" Mosher, and mother, Sarah ""Sally"" Mosher; describes Raycide's ill health, measles vaccination, and medicine he wanted his family to send to him. ",soldiers; civil wars; illness,"MG 118, Raycide Mosher Civil War Letters, Special Collections and Archives, University of Idaho Library",mg118_folder10_04-26-1864,Text,application/pdf,eng,"Material has likely passed into public domain. Digital reproductions are made available by University of Idaho Library for educational purposes, and future use should acknowledge this repository. For more information, please contact University of Idaho Library Special Collections and Archives Department at libspec@uidaho.edu. The University of Idaho Library is not liable for any violations of the law by users",http://rightsstatements.org/vocab/NoC-US/1.0/,pdf,mg118_folder10_04-26-1864.pdf,https://objects.lib.uidaho.edu/mosher/mg118_folder10_04-26-1864.pdf,https://objects.lib.uidaho.edu/mosher/small/mg118_folder10_04-26-1864_sm.jpg,https://objects.lib.uidaho.edu/mosher/thumbs/mg118_folder10_04-26-1864_th.jpg,,/objects/mosher010.md
mosher011,"Raycide Mosher to Clarissa, Henry ""Harry"", and Sarah ""Sally"" Mosher, 1864-05-10","Mosher, Raycide","Piney Creek, Alabama",34.60328788,-86.87226394,1864-05-10,"Mosher, Clarissa; Mosher, Henry; Mosher, Sarah","Albion, Michigan",42.24352561,-84.75285749,"Letter from Raycide Mosher to his sister, Clarissa Mosher; includes description of the death of a fellow soldier due to illness, the food available in camp, and Raycide's intention to make some shell rings to send home.",soldiers; civil wars; illness,"MG 118, Raycide Mosher Civil War Letters, Special Collections and Archives, University of Idaho Library",mg118_folder11_05-10-1864_1,Text,application/pdf,eng,"Material has likely passed into public domain. Digital reproductions are made available by University of Idaho Library for educational purposes, and future use should acknowledge this repository. For more information, please contact University of Idaho Library Special Collections and Archives Department at libspec@uidaho.edu. The University of Idaho Library is not liable for any violations of the law by users",http://rightsstatements.org/vocab/NoC-US/1.0/,pdf,mg118_folder11_05-10-1864_1.pdf,https://objects.lib.uidaho.edu/mosher/mg118_folder11_05-10-1864_1.pdf,https://objects.lib.uidaho.edu/mosher/small/mg118_folder11_05-10-1864_1_sm.jpg,https://objects.lib.uidaho.edu/mosher/thumbs/mg118_folder11_05-10-1864_1_th.jpg,,/objects/mosher011.md
mosher012,"Raycide Mosher to Mosher family, 1864-05-10","Mosher, Raycide","Piney Creek, Alabama",34.60328788,-86.87226394,1864-05-10,Mosher family,"Albion, Michigan",42.24352561,-84.75285749,"Letter from Raycide Mosher to his family; includes description of Raycide's ill health, the building activities of his army unit, and his pay.",soldiers; civil wars; illness,"MG 118, Raycide Mosher Civil War Letters, Special Collections and Archives, University of Idaho Library",mg118_folder12_05-10-1864_2,Text,application/pdf,eng,"Material has likely passed into public domain. Digital reproductions are made available by University of Idaho Library for educational purposes, and future use should acknowledge this repository. For more information, please contact University of Idaho Library Special Collections and Archives Department at libspec@uidaho.edu. The University of Idaho Library is not liable for any violations of the law by users",http://rightsstatements.org/vocab/NoC-US/1.0/,pdf,mg118_folder12_05-10-1864_2.pdf,https://objects.lib.uidaho.edu/mosher/mg118_folder12_05-10-1864_2.pdf,https://objects.lib.uidaho.edu/mosher/small/mg118_folder12_05-10-1864_2_sm.jpg,https://objects.lib.uidaho.edu/mosher/thumbs/mg118_folder12_05-10-1864_2_th.jpg,,/objects/mosher012.md
mosher013,"Raycide Mosher to Henry ""Harry"" and Sarah ""Sally"" Mosher, 1864-05-19","Mosher, Raycide","Piney Creek, Alabama",34.60328788,-86.87226394,1864-05-19,"Mosher, Henry; Mosher, Sarah","Albion, Michigan",42.24352561,-84.75285749,"Letter Raycide Mosher to his father, Henry ""Harry"" Mosher, and mother, Sarah ""Sally"" Mosher; includes description of the building of a stockade, Raycide's pay, and the medicines he wanted his family to send to him.",soldiers; civil wars; stockades,"MG 118, Raycide Mosher Civil War Letters, Special Collections and Archives, University of Idaho Library",mg118_folder13_05-19-1864,Text,application/pdf,eng,"Material has likely passed into public domain. Digital reproductions are made available by University of Idaho Library for educational purposes, and future use should acknowledge this repository. For more information, please contact University of Idaho Library Special Collections and Archives Department at libspec@uidaho.edu. The University of Idaho Library is not liable for any violations of the law by users",http://rightsstatements.org/vocab/NoC-US/1.0/,pdf,mg118_folder13_05-19-1864.pdf,https://objects.lib.uidaho.edu/mosher/mg118_folder13_05-19-1864.pdf,https://objects.lib.uidaho.edu/mosher/small/mg118_folder13_05-19-1864_sm.jpg,https://objects.lib.uidaho.edu/mosher/thumbs/mg118_folder13_05-19-1864_th.jpg,,/objects/mosher013.md
mosher014,"Raycide Mosher to Clarissa Mosher, 1864-05-21","Mosher, Raycide","Piney Creek, Alabama",34.60328788,-86.87226394,1864-05-21,"Mosher, Clarissa","Albion, Michigan",42.24352561,-84.75285749,"Letter from Raycide Mosher to his sister, Clarissa Mosher; includes description of the shell rings Raycide made for her, the medicines he wanted sent to him, and the activities of his unit.",soldiers; civil wars; illness,"MG 118, Raycide Mosher Civil War Letters, Special Collections and Archives, University of Idaho Library",mg118_folder14_05-21-1864,Text,application/pdf,eng,"Material has likely passed into public domain. Digital reproductions are made available by University of Idaho Library for educational purposes, and future use should acknowledge this repository. For more information, please contact University of Idaho Library Special Collections and Archives Department at libspec@uidaho.edu. The University of Idaho Library is not liable for any violations of the law by users",http://rightsstatements.org/vocab/NoC-US/1.0/,pdf,mg118_folder14_05-21-1864.pdf,https://objects.lib.uidaho.edu/mosher/mg118_folder14_05-21-1864.pdf,https://objects.lib.uidaho.edu/mosher/small/mg118_folder14_05-21-1864_sm.jpg,https://objects.lib.uidaho.edu/mosher/thumbs/mg118_folder14_05-21-1864_th.jpg,,/objects/mosher014.md
mosher015,"Raycide Mosher to Clarissa Mosher, 1864-06-05","Mosher, Raycide","Bridgeport, Alabama",34.9476221,-85.71250855,1864-06-05,"Mosher, Clarissa","Albion, Michigan",42.24352561,-84.75285749,"Letter from Raycide Mosher to his sister, Clarissa Mosher; includes description of the activities of Raycide's army unit and life in camp, such as a foot race.",soldiers; civil wars; races (events),"MG 118, Raycide Mosher Civil War Letters, Special Collections and Archives, University of Idaho Library",mg118_folder16_06-05-1864,Text,application/pdf,eng,"Material has likely passed into public domain. Digital reproductions are made available by University of Idaho Library for educational purposes, and future use should acknowledge this repository. For more information, please contact University of Idaho Library Special Collections and Archives Department at libspec@uidaho.edu. The University of Idaho Library is not liable for any violations of the law by users",http://rightsstatements.org/vocab/NoC-US/1.0/,pdf,mg118_folder16_06-05-1864.pdf,https://objects.lib.uidaho.edu/mosher/mg118_folder16_06-05-1864.pdf,https://objects.lib.uidaho.edu/mosher/small/mg118_folder16_06-05-1864_sm.jpg,https://objects.lib.uidaho.edu/mosher/thumbs/mg118_folder16_06-05-1864_th.jpg,,/objects/mosher015.md
mosher016,"Raycide Mosher to Henry ""Harry"" Mosher, 1864-05-30","Mosher, Raycide","Bridgeport, Alabama",34.9476221,-85.71250855,1864-05-30,"Mosher, Henry","Albion, Michigan",42.24352561,-84.75285749,"Letter from Raycide Mosher to his father, Henry ""Harry"" Mosher; includes description of money issues, food in camp, and how Raycide wanted his family to deal with his sheep.",soldiers; civil wars; sheep raising,"MG 118, Raycide Mosher Civil War Letters, Special Collections and Archives, University of Idaho Library",mg118_folder15_05-30-1864,Text,application/pdf,eng,"Material has likely passed into public domain. Digital reproductions are made available by University of Idaho Library for educational purposes, and future use should acknowledge this repository. For more information, please contact University of Idaho Library Special Collections and Archives Department at libspec@uidaho.edu. The University of Idaho Library is not liable for any violations of the law by users",http://rightsstatements.org/vocab/NoC-US/1.0/,pdf,mg118_folder15_05-30-1864.pdf,https://objects.lib.uidaho.edu/mosher/mg118_folder15_05-30-1864.pdf,https://objects.lib.uidaho.edu/mosher/small/mg118_folder15_05-30-1864_sm.jpg,https://objects.lib.uidaho.edu/mosher/thumbs/mg118_folder15_05-30-1864_th.jpg,,/objects/mosher016.md
mosher017,"Raycide Mosher to Mosher family, 1864-07-29","Mosher, Raycide","Bridgeport, Alabama",34.9476221,-85.71250855,1864-07-29,Mosher family,"Albion, Michigan",42.24352561,-84.75285749,"Letter from Raycide Mosher to his family; includes description of labor and harvests related to the Mosher family farm, money issues, and the food items that Raycide would like sent to him.",soldiers; civil wars; harvesting,"MG 118, Raycide Mosher Civil War Letters, Special Collections and Archives, University of Idaho Library",mg118_folder17_07-29-1864,Text,application/pdf,eng,"Material has likely passed into public domain. Digital reproductions are made available by University of Idaho Library for educational purposes, and future use should acknowledge this repository. For more information, please contact University of Idaho Library Special Collections and Archives Department at libspec@uidaho.edu. The University of Idaho Library is not liable for any violations of the law by users",http://rightsstatements.org/vocab/NoC-US/1.0/,pdf,mg118_folder17_07-29-1864.pdf,https://objects.lib.uidaho.edu/mosher/mg118_folder17_07-29-1864.pdf,https://objects.lib.uidaho.edu/mosher/small/mg118_folder17_07-29-1864_sm.jpg,https://objects.lib.uidaho.edu/mosher/thumbs/mg118_folder17_07-29-1864_th.jpg,,/objects/mosher017.md
mosher018,"Raycide Mosher to Henry ""Harry"" and Sarah ""Sally"" Mosher, 1864-08-03","Mosher, Raycide","Bridgeport, Alabama",34.9476221,-85.71250855,1864-08-03,"Mosher, Henry; Mosher, Sarah","Albion, Michigan",42.24352561,-84.75285749,"Letter from Raycide Mosher to his father, Henry ""Harry"" Mosher, and mother, Sarah ""Sally"" Mosher; includes description of what Raycide would like done with his sheep, the prospect of moving the Mosher family to better land, and advice from Raycide to his family members. ",soldiers; civil wars; sheep raising,"MG 118, Raycide Mosher Civil War Letters, Special Collections and Archives, University of Idaho Library",mg118_folder18_08-03-1864,Text,application/pdf,eng,"Material has likely passed into public domain. Digital reproductions are made available by University of Idaho Library for educational purposes, and future use should acknowledge this repository. For more information, please contact University of Idaho Library Special Collections and Archives Department at libspec@uidaho.edu. The University of Idaho Library is not liable for any violations of the law by users",http://rightsstatements.org/vocab/NoC-US/1.0/,pdf,mg118_folder18_08-03-1864.pdf,https://objects.lib.uidaho.edu/mosher/mg118_folder18_08-03-1864.pdf,https://objects.lib.uidaho.edu/mosher/small/mg118_folder18_08-03-1864_sm.jpg,https://objects.lib.uidaho.edu/mosher/thumbs/mg118_folder18_08-03-1864_th.jpg,,/objects/mosher018.md
mosher019,"Raycide Mosher to Clarissa Mosher, 1864-08-04","Mosher, Raycide","Bridgeport, Alabama",34.9476221,-85.71250855,1864-08-04,"Mosher, Clarissa","Albion, Michigan",42.24352561,-84.75285749,"Letter from Raycide Mosher to his sister, Clarissa Mosher; includes Raycide's advice about selling wheat from the family farm and the food items he would like his family to send him. ",soldiers; civil wars; farming (activity or system),"MG 118, Raycide Mosher Civil War Letters, Special Collections and Archives, University of Idaho Library",mg118_folder19_08-04-1864,Text,application/pdf,eng,"Material has likely passed into public domain. Digital reproductions are made available by University of Idaho Library for educational purposes, and future use should acknowledge this repository. For more information, please contact University of Idaho Library Special Collections and Archives Department at libspec@uidaho.edu. The University of Idaho Library is not liable for any violations of the law by users",http://rightsstatements.org/vocab/NoC-US/1.0/,pdf,mg118_folder19_08-04-1864.pdf,https://objects.lib.uidaho.edu/mosher/mg118_folder19_08-04-1864.pdf,https://objects.lib.uidaho.edu/mosher/small/mg118_folder19_08-04-1864_sm.jpg,https://objects.lib.uidaho.edu/mosher/thumbs/mg118_folder19_08-04-1864_th.jpg,,/objects/mosher019.md
mosher020,"Raycide Mosher to Henry ""Harry"" and Sarah ""Sally"" Mosher, 1864-08-16","Mosher, Raycide","Bridgeport, Alabama",34.9476221,-85.71250855,1864-08-16,"Mosher, Henry; Mosher, Sarah","Albion, Michigan",42.24352561,-84.75285749,"Letter from Raycide Mosher to his father, Henry ""Harry"" Mosher, and mother, Sarah ""Sally"" Mosher; includes description of Raycide's ill health and his reflections on political matters.",soldiers; civil wars; elections,"MG 118, Raycide Mosher Civil War Letters, Special Collections and Archives, University of Idaho Library",mg118_folder20_08-16-1864,Text,application/pdf,eng,"Material has likely passed into public domain. Digital reproductions are made available by University of Idaho Library for educational purposes, and future use should acknowledge this repository. For more information, please contact University of Idaho Library Special Collections and Archives Department at libspec@uidaho.edu. The University of Idaho Library is not liable for any violations of the law by users",http://rightsstatements.org/vocab/NoC-US/1.0/,pdf,mg118_folder20_08-16-1864.pdf,https://objects.lib.uidaho.edu/mosher/mg118_folder20_08-16-1864.pdf,https://objects.lib.uidaho.edu/mosher/small/mg118_folder20_08-16-1864_sm.jpg,https://objects.lib.uidaho.edu/mosher/thumbs/mg118_folder20_08-16-1864_th.jpg,,/objects/mosher020.md
mosher021,"Raycide Mosher to Henry ""Harry"" and Sarah ""Sally"" Mosher, 1864-08-27","Mosher, Raycide","Chattanooga, Alabama",35.04792335,-85.32158358,1864-08-27,"Mosher, Henry; Mosher, Sarah","Albion, Michigan",42.24352561,-84.75285749,"Letter from Raycide Mosher to his father, Henry ""Harry"" Mosher, and mother, Sarah ""Sally"" Mosher; includes description of Raycide's camp in Chattanooga, his pay, and his hope that the war might end soon.",soldiers; civil wars; military camps,"MG 118, Raycide Mosher Civil War Letters, Special Collections and Archives, University of Idaho Library",mg118_folder21_08-27-1864,Text,application/pdf,eng,"Material has likely passed into public domain. Digital reproductions are made available by University of Idaho Library for educational purposes, and future use should acknowledge this repository. For more information, please contact University of Idaho Library Special Collections and Archives Department at libspec@uidaho.edu. The University of Idaho Library is not liable for any violations of the law by users",http://rightsstatements.org/vocab/NoC-US/1.0/,pdf,mg118_folder21_08-27-1864.pdf,https://objects.lib.uidaho.edu/mosher/mg118_folder21_08-27-1864.pdf,https://objects.lib.uidaho.edu/mosher/small/mg118_folder21_08-27-1864_sm.jpg,https://objects.lib.uidaho.edu/mosher/thumbs/mg118_folder21_08-27-1864_th.jpg,,/objects/mosher021.md
mosher022,"Raycide Mosher to Henry ""Harry"" and Sarah ""Sally"" Mosher, 1864-08-30","Mosher, Raycide","Danville, Georgia",32.60562061,-83.24480319,1864-08-30,"Mosher, Henry; Mosher, Sarah","Albion, Michigan",42.24352561,-84.75285749,"Letter from Raycide Mosher to his father, Henry ""Harry"" Mosher, and mother, Sarah ""Sally"" Mosher; includes description of his unit's encounter with Confederate soldiers and his unit's other activities.",soldiers; civil wars; battles,"MG 118, Raycide Mosher Civil War Letters, Special Collections and Archives, University of Idaho Library",mg118_folder22_08-30-1864,Text,application/pdf,eng,"Material has likely passed into public domain. Digital reproductions are made available by University of Idaho Library for educational purposes, and future use should acknowledge this repository. For more information, please contact University of Idaho Library Special Collections and Archives Department at libspec@uidaho.edu. The University of Idaho Library is not liable for any violations of the law by users",http://rightsstatements.org/vocab/NoC-US/1.0/,pdf,mg118_folder22_08-30-1864.pdf,https://objects.lib.uidaho.edu/mosher/mg118_folder22_08-30-1864.pdf,https://objects.lib.uidaho.edu/mosher/small/mg118_folder22_08-30-1864_sm.jpg,https://objects.lib.uidaho.edu/mosher/thumbs/mg118_folder22_08-30-1864_th.jpg,,/objects/mosher022.md
mosher023,"Raycide Mosher to Henry ""Harry"" and Sarah ""Sally"" Mosher, 1864-09-18","Mosher, Raycide","Danville, Georgia",32.60562061,-83.24480319,1864-09-18,"Mosher, Henry; Mosher, Sarah","Albion, Michigan",42.24352561,-84.75285749,"Letter from Raycide Mosher to his father, Henry ""Harry"" Mosher, and mother, Sarah ""Sally"" Mosher; includes discussion of the family's wheat and plans for Raycide's unit to march toward Atlanta.",soldiers; civil wars; farming (activity or system),"MG 118, Raycide Mosher Civil War Letters, Special Collections and Archives, University of Idaho Library",mg118_folder23_09-18-1864,Text,application/pdf,eng,"Material has likely passed into public domain. Digital reproductions are made available by University of Idaho Library for educational purposes, and future use should acknowledge this repository. For more information, please contact University of Idaho Library Special Collections and Archives Department at libspec@uidaho.edu. The University of Idaho Library is not liable for any violations of the law by users",http://rightsstatements.org/vocab/NoC-US/1.0/,pdf,mg118_folder23_09-18-1864.pdf,https://objects.lib.uidaho.edu/mosher/mg118_folder23_09-18-1864.pdf,https://objects.lib.uidaho.edu/mosher/small/mg118_folder23_09-18-1864_sm.jpg,https://objects.lib.uidaho.edu/mosher/thumbs/mg118_folder23_09-18-1864_th.jpg,,/objects/mosher023.md
mosher024,"Raycide Mosher to Henry ""Harry"" and Sarah ""Sally"" Mosher, 1864-09-28","Mosher, Raycide","Cartersville, Georgia",34.16566849,-84.8033339,1864-09-28,"Mosher, Henry; Mosher, Sarah","Albion, Michigan",42.24352561,-84.75285749,"Letter from Raycide Mosher to his father, Henry ""Harry"" Mosher, and mother, Sarah ""Sally"" Mosher; includes discussion of Raycide's movement toward Atlanta, food available, how to deal with the family's wheat, and food and other items that Raycide would like sent to him.",soldiers; civil wars; farming (activity or system),"MG 118, Raycide Mosher Civil War Letters, Special Collections and Archives, University of Idaho Library",mg118_folder24_09-28-1864,Text,application/pdf,eng,"Material has likely passed into public domain. Digital reproductions are made available by University of Idaho Library for educational purposes, and future use should acknowledge this repository. For more information, please contact University of Idaho Library Special Collections and Archives Department at libspec@uidaho.edu. The University of Idaho Library is not liable for any violations of the law by users",http://rightsstatements.org/vocab/NoC-US/1.0/,pdf,mg118_folder24_09-28-1864.pdf,https://objects.lib.uidaho.edu/mosher/mg118_folder24_09-28-1864.pdf,https://objects.lib.uidaho.edu/mosher/small/mg118_folder24_09-28-1864_sm.jpg,https://objects.lib.uidaho.edu/mosher/thumbs/mg118_folder24_09-28-1864_th.jpg,,/objects/mosher024.md
mosher025,"Raycide Mosher to Henry ""Harry"" and Sarah ""Sally"" Mosher, 1864-10-02","Mosher, Raycide","Atlanta, Georgia",33.75186173,-84.38725722,1864-10-02,"Mosher, Henry; Mosher, Sarah","Albion, Michigan",42.24352561,-84.75285749,"Letter from Raycide Mosher to his father, Henry ""Harry"" Mosher, and mother, Sarah ""Sally"" Mosher; includes discussion of Raycide's march toward Atlanta, as well as food and other items that Raycide would like sent to him.",soldiers; civil wars; military campaigns,"MG 118, Raycide Mosher Civil War Letters, Special Collections and Archives, University of Idaho Library",mg118_folder25_10-02-1864,Text,application/pdf,eng,"Material has likely passed into public domain. Digital reproductions are made available by University of Idaho Library for educational purposes, and future use should acknowledge this repository. For more information, please contact University of Idaho Library Special Collections and Archives Department at libspec@uidaho.edu. The University of Idaho Library is not liable for any violations of the law by users",http://rightsstatements.org/vocab/NoC-US/1.0/,pdf,mg118_folder25_10-02-1864.pdf,https://objects.lib.uidaho.edu/mosher/mg118_folder25_10-02-1864.pdf,https://objects.lib.uidaho.edu/mosher/small/mg118_folder25_10-02-1864_sm.jpg,https://objects.lib.uidaho.edu/mosher/thumbs/mg118_folder25_10-02-1864_th.jpg,,/objects/mosher025.md
mosher026,"Raycide Mosher to Henry ""Harry"" and Sarah ""Sally"" Mosher, 1864-10-14","Mosher, Raycide","Atlanta, Georgia",33.75186173,-84.38725722,1864-10-14,"Mosher, Henry; Mosher, Sarah","Albion, Michigan",42.24352561,-84.75285749,"Letter from Raycide Mosher to his father, Henry ""Harry"" Mosher, and mother, Sarah ""Sally"" Mosher; includes description of General Sherman's march on Atlanta, Raycide's experiences in camp, and two of the men Raycide met in camp.",soldiers; civil wars; military campaigns,"MG 118, Raycide Mosher Civil War Letters, Special Collections and Archives, University of Idaho Library",mg118_folder26_10-14-1864,Text,application/pdf,eng,"Material has likely passed into public domain. Digital reproductions are made available by University of Idaho Library for educational purposes, and future use should acknowledge this repository. For more information, please contact University of Idaho Library Special Collections and Archives Department at libspec@uidaho.edu. The University of Idaho Library is not liable for any violations of the law by users",http://rightsstatements.org/vocab/NoC-US/1.0/,pdf,mg118_folder26_10-14-1864.pdf,https://objects.lib.uidaho.edu/mosher/mg118_folder26_10-14-1864.pdf,https://objects.lib.uidaho.edu/mosher/small/mg118_folder26_10-14-1864_sm.jpg,https://objects.lib.uidaho.edu/mosher/thumbs/mg118_folder26_10-14-1864_th.jpg,,/objects/mosher026.md
mosher027,"Raycide Mosher to Henry ""Harry"" and Sarah ""Sally"" Mosher, 1864-11-01","Mosher, Raycide","Atlanta, Georgia",33.75186173,-84.38725722,1864-11-01,"Mosher, Henry; Mosher, Sarah","Albion, Michigan",42.24352561,-84.75285749,"Letter from Raycide Mosher to his father, Henry ""Harry"" Mosher, and mother, Sarah ""Sally"" Mosher; includes discussion of Raycide's unit's move toward the Atlantic coast, soldiers he met who were from Michigan, and medicine that Raycide would like sent to him.",soldiers; civil wars; military campaigns,"MG 118, Raycide Mosher Civil War Letters, Special Collections and Archives, University of Idaho Library",mg118_folder27_11-01-1864,Text,application/pdf,eng,"Material has likely passed into public domain. Digital reproductions are made available by University of Idaho Library for educational purposes, and future use should acknowledge this repository. For more information, please contact University of Idaho Library Special Collections and Archives Department at libspec@uidaho.edu. The University of Idaho Library is not liable for any violations of the law by users",http://rightsstatements.org/vocab/NoC-US/1.0/,pdf,mg118_folder27_11-01-1864.pdf,https://objects.lib.uidaho.edu/mosher/mg118_folder27_11-01-1864.pdf,https://objects.lib.uidaho.edu/mosher/small/mg118_folder27_11-01-1864_sm.jpg,https://objects.lib.uidaho.edu/mosher/thumbs/mg118_folder27_11-01-1864_th.jpg,,/objects/mosher027.md
mosher028,"Raycide Mosher to Henry ""Harry"" and Sarah ""Sally"" Mosher, 1864-11-07","Mosher, Raycide","Atlanta, Georgia",33.75186173,-84.38725722,1864-11-07,"Mosher, Henry; Mosher, Sarah","Albion, Michigan",42.24352561,-84.75285749,"Letter from Raycide Mosher to his father, Henry ""Harry"" Mosher, and mother, Sarah ""Sally"" Mosher; includes description of Raycide's progress toward the Atlantic coast and the items he carried with him.",soldiers; civil wars; military campaigns,"MG 118, Raycide Mosher Civil War Letters, Special Collections and Archives, University of Idaho Library",mg118_folder28_11-07-1864,Text,application/pdf,eng,"Material has likely passed into public domain. Digital reproductions are made available by University of Idaho Library for educational purposes, and future use should acknowledge this repository. For more information, please contact University of Idaho Library Special Collections and Archives Department at libspec@uidaho.edu. The University of Idaho Library is not liable for any violations of the law by users",http://rightsstatements.org/vocab/NoC-US/1.0/,pdf,mg118_folder28_11-07-1864.pdf,https://objects.lib.uidaho.edu/mosher/mg118_folder28_11-07-1864.pdf,https://objects.lib.uidaho.edu/mosher/small/mg118_folder28_11-07-1864_sm.jpg,https://objects.lib.uidaho.edu/mosher/thumbs/mg118_folder28_11-07-1864_th.jpg,,/objects/mosher028.md
mosher029,"Raycide Mosher to Henry ""Harry"" and Sarah ""Sally"" Mosher, 1864-12-18","Mosher, Raycide","Savannah, Georgia",32.0840395,-81.09000581,1864-12-18,"Mosher, Henry; Mosher, Sarah","Albion, Michigan",42.24352561,-84.75285749,"Letter from Raycide Mosher to his father, Henry ""Harry"" Mosher, and mother, Sarah ""Sally"" Mosher; includes description of Raycide's experience marching toward Savannah and items that he would like sent to him.",soldiers; civil wars; military campaigns,"MG 118, Raycide Mosher Civil War Letters, Special Collections and Archives, University of Idaho Library",mg118_folder29_12-18-1864,Text,application/pdf,eng,"Material has likely passed into public domain. Digital reproductions are made available by University of Idaho Library for educational purposes, and future use should acknowledge this repository. For more information, please contact University of Idaho Library Special Collections and Archives Department at libspec@uidaho.edu. The University of Idaho Library is not liable for any violations of the law by users",http://rightsstatements.org/vocab/NoC-US/1.0/,pdf,mg118_folder29_12-18-1864.pdf,https://objects.lib.uidaho.edu/mosher/mg118_folder29_12-18-1864.pdf,https://objects.lib.uidaho.edu/mosher/small/mg118_folder29_12-18-1864_sm.jpg,https://objects.lib.uidaho.edu/mosher/thumbs/mg118_folder29_12-18-1864_th.jpg,,/objects/mosher029.md
mosher030,"Raycide Mosher to Henry ""Harry"" and Sarah ""Sally"" Mosher, 1865-01-15","Mosher, Raycide","Savannah, Georgia",32.0840395,-81.09000581,1865-01-15,"Mosher, Henry; Mosher, Sarah","Albion, Michigan",42.24352561,-84.75285749,"Letter from Raycide Mosher to his father, Henry ""Harry"" Mosher, and mother, Sarah ""Sally"" Mosher; includes description of Raycide's experience marching toward Savannah and what he would like done with his sheep.",soldiers; civil wars; sheep raising,"MG 118, Raycide Mosher Civil War Letters, Special Collections and Archives, University of Idaho Library",mg118_folder30_01-15-1864,Text,application/pdf,eng,"Material has likely passed into public domain. Digital reproductions are made available by University of Idaho Library for educational purposes, and future use should acknowledge this repository. For more information, please contact University of Idaho Library Special Collections and Archives Department at libspec@uidaho.edu. The University of Idaho Library is not liable for any violations of the law by users",http://rightsstatements.org/vocab/NoC-US/1.0/,pdf,mg118_folder30_01-15-1864.pdf,https://objects.lib.uidaho.edu/mosher/mg118_folder30_01-15-1864.pdf,https://objects.lib.uidaho.edu/mosher/small/mg118_folder30_01-15-1864_sm.jpg,https://objects.lib.uidaho.edu/mosher/thumbs/mg118_folder30_01-15-1864_th.jpg,,/objects/mosher030.md
mosher031,"Raycide Mosher to Henry ""Harry"" and Sarah ""Sally"" Mosher, 1865-01-28","Mosher, Raycide","Beaufort, South Carolina",32.43139792,-80.67145264,1865-01-28,"Mosher, Henry; Mosher, Sarah","Albion, Michigan",42.24352561,-84.75285749,"Letter from Raycide Mosher to his father, Henry ""Harry"" Mosher, and mother, Sarah ""Sally"" Mosher; includes discussion of Raycide's movement from Savannah toward Charleston.",soldiers; civil wars; military campaigns,"MG 118, Raycide Mosher Civil War Letters, Special Collections and Archives, University of Idaho Library",mg118_folder31_01-28-1865,Text,application/pdf,eng,"Material has likely passed into public domain. Digital reproductions are made available by University of Idaho Library for educational purposes, and future use should acknowledge this repository. For more information, please contact University of Idaho Library Special Collections and Archives Department at libspec@uidaho.edu. The University of Idaho Library is not liable for any violations of the law by users",http://rightsstatements.org/vocab/NoC-US/1.0/,pdf,mg118_folder31_01-28-1865.pdf,https://objects.lib.uidaho.edu/mosher/mg118_folder31_01-28-1865.pdf,https://objects.lib.uidaho.edu/mosher/small/mg118_folder31_01-28-1865_sm.jpg,https://objects.lib.uidaho.edu/mosher/thumbs/mg118_folder31_01-28-1865_th.jpg,,/objects/mosher031.md
mosher032,"Raycide Mosher to Henry ""Harry"" and Sarah ""Sally"" Mosher, 1865-01-29","Mosher, Raycide","Beaufort, South Carolina",32.43139792,-80.67145264,1865-01-29,"Mosher, Henry; Mosher, Sarah","Albion, Michigan",42.24352561,-84.75285749,"Letter from Raycide Mosher to his father, Henry ""Harry"" Mosher, and mother, Sarah ""Sally"" Mosher; includes discussion of General Sherman's military actions and some land that Raycide would like to purchase.",soldiers; civil wars; military campaigns,"MG 118, Raycide Mosher Civil War Letters, Special Collections and Archives, University of Idaho Library",mg118_folder32_01-29-1865,Text,application/pdf,eng,"Material has likely passed into public domain. Digital reproductions are made available by University of Idaho Library for educational purposes, and future use should acknowledge this repository. For more information, please contact University of Idaho Library Special Collections and Archives Department at libspec@uidaho.edu. The University of Idaho Library is not liable for any violations of the law by users",http://rightsstatements.org/vocab/NoC-US/1.0/,pdf,mg118_folder32_01-29-1865.pdf,https://objects.lib.uidaho.edu/mosher/mg118_folder32_01-29-1865.pdf,https://objects.lib.uidaho.edu/mosher/small/mg118_folder32_01-29-1865_sm.jpg,https://objects.lib.uidaho.edu/mosher/thumbs/mg118_folder32_01-29-1865_th.jpg,,/objects/mosher032.md
mosher033,"Raycide Mosher to Henry ""Harry"" and Sarah ""Sally"" Mosher, 1865-03-25","Mosher, Raycide","Goldsboro, North Carolina",35.38616314,-77.99514002,1865-03-25,"Mosher, Henry; Mosher, Sarah","Albion, Michigan",42.24352561,-84.75285749,"Letter from Raycide Mosher to his father, Henry ""Harry"" Mosher, and mother, Sarah ""Sally"" Mosher; includes discussion of General Sherman's military actions and Raycide's reflections on the landscape of the Carolinas.",soldiers; civil wars; military campaigns,"MG 118, Raycide Mosher Civil War Letters, Special Collections and Archives, University of Idaho Library",mg118_folder33_03-25-1865,Text,application/pdf,eng,"Material has likely passed into public domain. Digital reproductions are made available by University of Idaho Library for educational purposes, and future use should acknowledge this repository. For more information, please contact University of Idaho Library Special Collections and Archives Department at libspec@uidaho.edu. The University of Idaho Library is not liable for any violations of the law by users",http://rightsstatements.org/vocab/NoC-US/1.0/,pdf,mg118_folder33_03-25-1865.pdf,https://objects.lib.uidaho.edu/mosher/mg118_folder33_03-25-1865.pdf,https://objects.lib.uidaho.edu/mosher/small/mg118_folder33_03-25-1865_sm.jpg,https://objects.lib.uidaho.edu/mosher/thumbs/mg118_folder33_03-25-1865_th.jpg,,/objects/mosher033.md
mosher034,"Raycide Mosher to Henry ""Harry"" and Sarah ""Sally"" Mosher, 1865-03-27","Mosher, Raycide","Goldsboro, North Carolina",35.38616314,-77.99514002,1865-03-27,"Mosher, Henry; Mosher, Sarah","Albion, Michigan",42.24352561,-84.75285749,"Letter from Raycide Mosher to his father, Henry ""Harry"" Mosher, and mother, Sarah ""Sally"" Mosher; includes Raycide's advice to his family members and plans for after the war.",soldiers; civil wars; family life,"MG 118, Raycide Mosher Civil War Letters, Special Collections and Archives, University of Idaho Library",mg118_folder34_03-27-1865,Text,application/pdf,eng,"Material has likely passed into public domain. Digital reproductions are made available by University of Idaho Library for educational purposes, and future use should acknowledge this repository. For more information, please contact University of Idaho Library Special Collections and Archives Department at libspec@uidaho.edu. The University of Idaho Library is not liable for any violations of the law by users",http://rightsstatements.org/vocab/NoC-US/1.0/,pdf,mg118_folder34_03-27-1865.pdf,https://objects.lib.uidaho.edu/mosher/mg118_folder34_03-27-1865.pdf,https://objects.lib.uidaho.edu/mosher/small/mg118_folder34_03-27-1865_sm.jpg,https://objects.lib.uidaho.edu/mosher/thumbs/mg118_folder34_03-27-1865_th.jpg,,/objects/mosher034.md
mosher035,"Raycide Mosher to Sarah ""Sally"" Mosher, 1865-04-06","Mosher, Raycide","Goldsboro, North Carolina",35.38616314,-77.99514002,1865-04-06,"Mosher, Sarah","Albion, Michigan",42.24352561,-84.75285749,"Letter from Raycide Mosher to his mother, Sarah ""Sally"" Mosher; includes discussion of the war's progress and life around camp.",soldiers; civil wars; military camps,"MG 118, Raycide Mosher Civil War Letters, Special Collections and Archives, University of Idaho Library",mg118_folder35_04-06-1865,Text,application/pdf,eng,"Material has likely passed into public domain. Digital reproductions are made available by University of Idaho Library for educational purposes, and future use should acknowledge this repository. For more information, please contact University of Idaho Library Special Collections and Archives Department at libspec@uidaho.edu. The University of Idaho Library is not liable for any violations of the law by users",http://rightsstatements.org/vocab/NoC-US/1.0/,pdf,mg118_folder35_04-06-1865.pdf,https://objects.lib.uidaho.edu/mosher/mg118_folder35_04-06-1865.pdf,https://objects.lib.uidaho.edu/mosher/small/mg118_folder35_04-06-1865_sm.jpg,https://objects.lib.uidaho.edu/mosher/thumbs/mg118_folder35_04-06-1865_th.jpg,,/objects/mosher035.md
mosher036,"Raycide Mosher to Mosher family, 1865-04-24","Mosher, Raycide","Raleigh, North Carolina",35.7837588,-78.64282891,1865-04-24,Mosher family,"Albion, Michigan",42.24352561,-84.75285749,Letter from Raycide Mosher to his family; includes discussion of the war's progress and Raycide's desire to return home.,soldiers; civil wars; military camps,"MG 118, Raycide Mosher Civil War Letters, Special Collections and Archives, University of Idaho Library",mg118_folder36_04_24_1865,Text,application/pdf,eng,"Material has likely passed into public domain. Digital reproductions are made available by University of Idaho Library for educational purposes, and future use should acknowledge this repository. For more information, please contact University of Idaho Library Special Collections and Archives Department at libspec@uidaho.edu. The University of Idaho Library is not liable for any violations of the law by users",http://rightsstatements.org/vocab/NoC-US/1.0/,pdf,mg118_folder36_04_24_1865.pdf,https://objects.lib.uidaho.edu/mosher/mg118_folder36_04_24_1865.pdf,https://objects.lib.uidaho.edu/mosher/small/mg118_folder36_04_24_1865_sm.jpg,https://objects.lib.uidaho.edu/mosher/thumbs/mg118_folder36_04_24_1865_th.jpg,,/objects/mosher036.md
mosher037,"Raycide Mosher to Henry ""Harry"" and Sarah ""Sally"" Mosher, 1865-05-27","Mosher, Raycide","Washington, D.C.",38.90776711,-77.03896908,1865-05-27,"Mosher, Henry; Mosher, Sarah","Albion, Michigan",42.24352561,-84.75285749,"Letter from Raycide Mosher to his father, Henry ""Harry"" Mosher, and mother, Sarah ""Sally"" Mosher; includes description of Raycide's movement from Raleigh toward Washington, D.C., and a speech by Michigan Governor Henry H. Crapo.",soldiers; civil wars; capital cities,"MG 118, Raycide Mosher Civil War Letters, Special Collections and Archives, University of Idaho Library",mg118_folder37_05-27-1865,Text,application/pdf,eng,"Material has likely passed into public domain. Digital reproductions are made available by University of Idaho Library for educational purposes, and future use should acknowledge this repository. For more information, please contact University of Idaho Library Special Collections and Archives Department at libspec@uidaho.edu. The University of Idaho Library is not liable for any violations of the law by users",http://rightsstatements.org/vocab/NoC-US/1.0/,pdf,mg118_folder37_05-27-1865.pdf,https://objects.lib.uidaho.edu/mosher/mg118_folder37_05-27-1865.pdf,https://objects.lib.uidaho.edu/mosher/small/mg118_folder37_05-27-1865_sm.jpg,https://objects.lib.uidaho.edu/mosher/thumbs/mg118_folder37_05-27-1865_th.jpg,,/objects/mosher037.md
mosher038,"Raycide Mosher to Clarissa Mosher, 1865-06-17","Mosher, Raycide","Louisville, Kentucky",38.252998,-85.75568664,1865-06-17,"Mosher, Clarissa","Albion, Michigan",42.24352561,-84.75285749,"Letter from Raycide Mosher to his sister, Clarissa Mosher; includes description of Raycide's movement from Washington, D.C., to Louisville, and what he would like done with his sheep.",soldiers; civil wars; sheep raising,"MG 118, Raycide Mosher Civil War Letters, Special Collections and Archives, University of Idaho Library",mg118_folder38_06-17-1865,Text,application/pdf,eng,"Material has likely passed into public domain. Digital reproductions are made available by University of Idaho Library for educational purposes, and future use should acknowledge this repository. For more information, please contact University of Idaho Library Special Collections and Archives Department at libspec@uidaho.edu. The University of Idaho Library is not liable for any violations of the law by users",http://rightsstatements.org/vocab/NoC-US/1.0/,pdf,mg118_folder38_06-17-1865.pdf,https://objects.lib.uidaho.edu/mosher/mg118_folder38_06-17-1865.pdf,https://objects.lib.uidaho.edu/mosher/small/mg118_folder38_06-17-1865_sm.jpg,https://objects.lib.uidaho.edu/mosher/thumbs/mg118_folder38_06-17-1865_th.jpg,,/objects/mosher038.md
mosher039,"Raycide Mosher to Clarissa Mosher, 1865-06-29","Mosher, Raycide","Louisville, Kentucky",38.252998,-85.75568664,1865-06-29,"Mosher, Clarissa","Albion, Michigan",42.24352561,-84.75285749,"Letter from Raycide Mosher to his sister, Clarissa Mosher; includes discussion of Raycide having his likeness taken and his wish for it to be framed.",soldiers; civil wars; portraits,"MG 118, Raycide Mosher Civil War Letters, Special Collections and Archives, University of Idaho Library",mg118_folder39_06-29-1865,Text,application/pdf,eng,"Material has likely passed into public domain. Digital reproductions are made available by University of Idaho Library for educational purposes, and future use should acknowledge this repository. For more information, please contact University of Idaho Library Special Collections and Archives Department at libspec@uidaho.edu. The University of Idaho Library is not liable for any violations of the law by users",http://rightsstatements.org/vocab/NoC-US/1.0/,pdf,mg118_folder39_06-29-1865.pdf,https://objects.lib.uidaho.edu/mosher/mg118_folder39_06-29-1865.pdf,https://objects.lib.uidaho.edu/mosher/small/mg118_folder39_06-29-1865_sm.jpg,https://objects.lib.uidaho.edu/mosher/thumbs/mg118_folder39_06-29-1865_th.jpg,,/objects/mosher039.md
mosher040,"Raycide Mosher to Clarissa Mosher, 1865-07-07","Mosher, Raycide","Nashville, Tennessee",36.1640177,-86.78380903,1865-07-07,"Mosher, Clarissa","Albion, Michigan",42.24352561,-84.75285749,"Letter from Raycide Mosher to his sister, Clarissa Mosher; includes discussion of Raycide's movement from Louisville to Nashville, saving and spending money, and the food available in and around camp.",soldiers; civil wars; military camps,"MG 118, Raycide Mosher Civil War Letters, Special Collections and Archives, University of Idaho Library",mg118_folder40_07-07-1865,Text,application/pdf,eng,"Material has likely passed into public domain. Digital reproductions are made available by University of Idaho Library for educational purposes, and future use should acknowledge this repository. For more information, please contact University of Idaho Library Special Collections and Archives Department at libspec@uidaho.edu. The University of Idaho Library is not liable for any violations of the law by users",http://rightsstatements.org/vocab/NoC-US/1.0/,pdf,mg118_folder40_07-07-1865.pdf,https://objects.lib.uidaho.edu/mosher/mg118_folder40_07-07-1865.pdf,https://objects.lib.uidaho.edu/mosher/small/mg118_folder40_07-07-1865_sm.jpg,https://objects.lib.uidaho.edu/mosher/thumbs/mg118_folder40_07-07-1865_th.jpg,,/objects/mosher040.md
mosher041,"Raycide Mosher to Henry ""Harry"" and Sarah ""Sally"" Mosher, 1865-07-16","Mosher, Raycide","Nashville, Tennessee",36.1640177,-86.78380903,1865-07-16,"Mosher, Henry; Mosher, Sarah","Albion, Michigan",42.24352561,-84.75285749,"Letter from Raycide Mosher to his father, Henry ""Harry"" Mosher, and mother, Sarah ""Sally"" Mosher; includes discussion of Raycide's plans upon returning home, such as purchasing land and keeping animals.",soldiers; civil wars; cows (mammals),"MG 118, Raycide Mosher Civil War Letters, Special Collections and Archives, University of Idaho Library",mg118_folder41_07-16-1865,Text,application/pdf,eng,"Material has likely passed into public domain. Digital reproductions are made available by University of Idaho Library for educational purposes, and future use should acknowledge this repository. For more information, please contact University of Idaho Library Special Collections and Archives Department at libspec@uidaho.edu. The University of Idaho Library is not liable for any violations of the law by users",http://rightsstatements.org/vocab/NoC-US/1.0/,pdf,mg118_folder41_07-16-1865.pdf,https://objects.lib.uidaho.edu/mosher/mg118_folder41_07-16-1865.pdf,https://objects.lib.uidaho.edu/mosher/small/mg118_folder41_07-16-1865_sm.jpg,https://objects.lib.uidaho.edu/mosher/thumbs/mg118_folder41_07-16-1865_th.jpg,,/objects/mosher041.md
mosher042,"Raycide Mosher to Mosher family, 1865-07-17","Mosher, Raycide","Nashville, Tennessee",36.1640177,-86.78380903,1865-07-17,Mosher family,"Albion, Michigan",42.24352561,-84.75285749,Letter from Raycide Mosher to his family; includes discussion of Raycide's desire to return home and his advice about running the family farm.,soldiers; civil wars; farming (activity or system),"MG 118, Raycide Mosher Civil War Letters, Special Collections and Archives, University of Idaho Library",mg118_folder42_07-17-1865,Text,application/pdf,eng,"Material has likely passed into public domain. Digital reproductions are made available by University of Idaho Library for educational purposes, and future use should acknowledge this repository. For more information, please contact University of Idaho Library Special Collections and Archives Department at libspec@uidaho.edu. The University of Idaho Library is not liable for any violations of the law by users",http://rightsstatements.org/vocab/NoC-US/1.0/,pdf,mg118_folder42_07-17-1865.pdf,https://objects.lib.uidaho.edu/mosher/mg118_folder42_07-17-1865.pdf,https://objects.lib.uidaho.edu/mosher/small/mg118_folder42_07-17-1865_sm.jpg,https://objects.lib.uidaho.edu/mosher/thumbs/mg118_folder42_07-17-1865_th.jpg,,/objects/mosher042.md
mosher043,"Raycide Mosher to Sarah ""Sally"" Mosher, 1865-08-18","Mosher, Raycide","Nashville, Tennessee",36.1640177,-86.78380903,1865-08-18,"Mosher, Sarah","Albion, Michigan",42.24352561,-84.75285749,"Letter from Raycide Mosher to his mother, Sarah ""Sally"" Mosher; includes discussion of Raycide's unit's activities and his unhappiness with the officers.",soldiers; civil wars; military officers ,"MG 118, Raycide Mosher Civil War Letters, Special Collections and Archives, University of Idaho Library",mg118_folder43_08-18-1865,Text,application/pdf,eng,"Material has likely passed into public domain. Digital reproductions are made available by University of Idaho Library for educational purposes, and future use should acknowledge this repository. For more information, please contact University of Idaho Library Special Collections and Archives Department at libspec@uidaho.edu. The University of Idaho Library is not liable for any violations of the law by users",http://rightsstatements.org/vocab/NoC-US/1.0/,pdf,mg118_folder43_08-18-1865.pdf,https://objects.lib.uidaho.edu/mosher/mg118_folder43_08-18-1865.pdf,https://objects.lib.uidaho.edu/mosher/small/mg118_folder43_08-18-1865_sm.jpg,https://objects.lib.uidaho.edu/mosher/thumbs/mg118_folder43_08-18-1865_th.jpg,,/objects/mosher043.md
mosher044,"Raycide Mosher to Clarissa Mosher, undated","Mosher, Raycide","Nashville, Tennessee",36.1640177,-86.78380903,1864,"Mosher, Clarissa","Albion, Michigan",42.24352561,-84.75285749,"Letter from Raycide Mosher to his sister, Clarissa Mosher; includes description of Raycide's unit and the food available. Undated, but likely written in 1864.",soldiers; civil wars; military camps,"MG 118, Raycide Mosher Civil War Letters, Special Collections and Archives, University of Idaho Library",mg118_folder44_undated,Text,application/pdf,eng,"Material has likely passed into public domain. Digital reproductions are made available by University of Idaho Library for educational purposes, and future use should acknowledge this repository. For more information, please contact University of Idaho Library Special Collections and Archives Department at libspec@uidaho.edu. The University of Idaho Library is not liable for any violations of the law by users",http://rightsstatements.org/vocab/NoC-US/1.0/,pdf,mg118_folder44_undated.pdf,https://objects.lib.uidaho.edu/mosher/mg118_folder44_undated.pdf,https://objects.lib.uidaho.edu/mosher/small/mg118_folder44_undated_sm.jpg,https://objects.lib.uidaho.edu/mosher/thumbs/mg118_folder44_undated_th.jpg,,/objects/mosher044.md
mosher045,Assorted envelopes,,,,,,,,,,Envelopes not assigned to specific letters.,envelopes; mail (documents); mailing addresses,"MG 118, Raycide Mosher Civil War Letters, Special Collections and Archives, University of Idaho Library",mg118_folder45,Text,application/pdf,eng,"Material has likely passed into public domain. Digital reproductions are made available by University of Idaho Library for educational purposes, and future use should acknowledge this repository. For more information, please contact University of Idaho Library Special Collections and Archives Department at libspec@uidaho.edu. The University of Idaho Library is not liable for any violations of the law by users",http://rightsstatements.org/vocab/NoC-US/1.0/,pdf,mg118_folder45.pdf,https://objects.lib.uidaho.edu/mosher/mg118_folder45.pdf,https://objects.lib.uidaho.edu/mosher/small/mg118_folder45_sm.jpg,https://objects.lib.uidaho.edu/mosher/thumbs/mg118_folder45_th.jpg,,/objects/mosher045.md
mosher046,"Ada May Kirby to Adeline Mosher, 1889-04-01","Kirby, Ada May","Alma, Michigan",43.37887582,-84.65669626,1889-04-01,"Mosher, Adeline","Napa, California",38.29726212,-122.2880423,"Letter from Ada May Kirby to her aunt, Adeline Mosher, wife of Raycide Mosher; includes discussion of the death of a family member and other family news.",family life; deaths; illness,"MG 118, Raycide Mosher Civil War Letters, Special Collections and Archives, University of Idaho Library",mg118_folder46_04-01-1889,Text,application/pdf,eng,"Material has likely passed into public domain. Digital reproductions are made available by University of Idaho Library for educational purposes, and future use should acknowledge this repository. For more information, please contact University of Idaho Library Special Collections and Archives Department at libspec@uidaho.edu. The University of Idaho Library is not liable for any violations of the law by users",http://rightsstatements.org/vocab/NoC-US/1.0/,pdf,mg118_folder46_04-01-1889.pdf,https://objects.lib.uidaho.edu/mosher/mg118_folder46_04-01-1889.pdf,https://objects.lib.uidaho.edu/mosher/small/mg118_folder46_04-01-1889_sm.jpg,https://objects.lib.uidaho.edu/mosher/thumbs/mg118_folder46_04-01-1889_th.jpg,,/objects/mosher046.md
mosher047,Military records of Raycide Mosher,,,,,1863-1865,,,,,Military records of Raycide Mosher; photocopies of originals held by the US government.,military records; soldiers; federal government records,"MG 118, Raycide Mosher Civil War Letters, Special Collections and Archives, University of Idaho Library",mg118_folder49,Text,application/pdf,eng,"Material has likely passed into public domain. Digital reproductions are made available by University of Idaho Library for educational purposes, and future use should acknowledge this repository. For more information, please contact University of Idaho Library Special Collections and Archives Department at libspec@uidaho.edu. The University of Idaho Library is not liable for any violations of the law by users",http://rightsstatements.org/vocab/NoC-US/1.0/,pdf,mg118_folder49.pdf,https://objects.lib.uidaho.edu/mosher/mg118_folder49.pdf,https://objects.lib.uidaho.edu/mosher/small/mg118_folder49_sm.jpg,https://objects.lib.uidaho.edu/mosher/thumbs/mg118_folder49_th.jpg,,/objects/mosher047.md
mosher048,Newspaper articles announcing donation of Mosher letters to University of Idaho Library,Lewiston Tribune; Palouse Empire News,"Moscow, Idaho",46.73242207,-117.0011384,1983-09,,,,,Articles from the newspapers the Lewiston Tribune and Palouse Empire News announcing the donation of the Raycide Mosher letters to the University of Idaho Library in September 1983.,donation (method of acquisition); archives (institutions); newspaper clippings,"MG 118, Raycide Mosher Civil War Letters, Special Collections and Archives, University of Idaho Library",mg118_folder50,Text,application/pdf,eng,"In copyright, educational use permitted. Educational use includes non-commercial reproduction of text and images in materials for teaching and research purposes. For other contexts beyond fair use, including digital reproduction, please contact the University of Idaho Library Special Collections and Archives Department at libspec@uidaho.edu. The University of Idaho Library is not liable for any violations of the law by users.",http://rightsstatements.org/vocab/InC-EDU/1.0/,pdf,mg118_folder50.pdf,https://objects.lib.uidaho.edu/mosher/mg118_folder50.pdf,https://objects.lib.uidaho.edu/mosher/small/mg118_folder50_sm.jpg,https://objects.lib.uidaho.edu/mosher/thumbs/mg118_folder50_th.jpg,,/objects/mosher048.md